user.id,timestamp,calories,cost,healthy_level,ingredients,name,protein,salty_sweet,snack_image,sodium,sugar,when,why
ids-1,2023-09-18 08:45:34,140,$0 to < $1,4,16,kit kat,5,Sweet,SKIPPED,15,15,afternoon,energy
ids-1,2023-09-15 13:51:35,150,$0 to < $1,4,20,chips,2,Salty,SKIPPED,210,1,afternoon,hungry/thirsty
ids-1,2023-09-15 13:46:49,250,$1 to < $3,3,3,penut butter and jelly,15,Sweet,SKIPPED,3,3,afternoon,craving
ids-1,2023-09-15 10:40:23,220,$1 to < $3,2,15,snicker,4,Sweet,SKIPPED,150,25,night,hungry/thirsty
ids-2,2023-09-01 13:52:57,149,$3 to < $7,4,12,whole milk,8,Sweet,SKIPPED,107,12,morning,hungry/thirsty
ids-2,2023-09-01 13:50:23,200,$3 to < $7,3,8,swaggerty farms sausage,11,Salty,SKIPPED,480,0,morning,hungry/thirsty
ids-2,2023-09-01 13:42:16,70,$3 to < $7,4,8,Eggs,6,Salty,SKIPPED,65,0,morning,hungry/thirsty
ids-2,2023-09-01 13:40:50,23,$3 to < $7,2,9,Pancakes,0.9,Salty,SKIPPED,57,0,morning,hungry/thirsty
ids-2,2023-09-01 13:38:12,82,$3 to < $7,3,12,Bacon,6,Salty,SKIPPED,220,0,morning,hungry/thirsty
ids-2,2023-09-01 13:35:01,30,$3 to < $7,4,10,Croutons,1,Salty,SKIPPED,70,0,morning,availability
ids-2,2023-09-01 13:33:30,170,$3 to < $7,4,12,Mr beast bar,2,Sweet,SKIPPED,25,13,afternoon,availability
ids-2,2023-09-01 13:31:26,270,$3 to < $7,2,11,Brownies,2,Sweet,SKIPPED,170,23,afternoon,availability
ids-2,2023-09-01 13:29:27,90,$3 to < $7,3,8,Madaline Cookies,1,Sweet,SKIPPED,40,6,afternoon,craving
ids-2,2023-09-01 13:27:57,160,$3 to < $7,3,7,Hot cheeto puffs,1,Salty,SKIPPED,310,0,afternoon,craving
ids-3,2023-08-31 14:49:21,268,$3 to < $7,3,15,donuts ,4,Sweet,SKIPPED,18,15,afternoon,craving
ids-3,2023-08-30 17:42:18,170,$1 to < $3,3,18,mr beast chocolate bar ,2,Sweet,SKIPPED,25,13,afternoon,craving
ids-3,2023-08-30 17:39:54,160,$3 to < $7,2,20,hot Cheetos,1,Salty,SKIPPED,310,0,afternoon,availability
ids-3,2023-08-30 17:37:07,90,$1 to < $3,3,15,madilane cookies ,1,Sweet,SKIPPED,40,6,afternoon,craving
ids-3,2023-08-30 17:31:49,270,$1 to < $3,2,18,cosmic brownies ,2,Sweet,SKIPPED,170,23,afternoon,hungry/thirsty
ids-4,2023-08-28 22:48:53,150,$3 to < $7,3,5,oatmeal,5,Sweet,ef18fc8f-0040-4965-9c57-5031206a7067,0,1,afternoon,energy
ids-4,2023-08-28 22:45:26,128,$1 to < $3,3,0,banana,6.9,Sweet,66df088d-6a5a-4bb5-973f-ddb5206a7067,10,4.1,afternoon,energy
ids-4,2023-08-28 22:42:51,24,$1 to < $3,2,6,nutella,0.7,Sweet,cba46269-129f-4942-a71e-67ea206a7067,1,1.6,afternoon,energy
ids-4,2023-08-28 22:32:46,160,$3 to < $7,3,37,oreo,1,Sweet,ba9c817b-ac95-4a36-8201-df94206a7067,6,14,evening,energy
ids-4,2023-08-28 22:29:28,210,$1 to < $3,2,27,cheez it,5,Salty,257d6de8-26e6-418c-b442-ad27206a7067,14,0,evening,energy
ids-4,2023-08-28 22:26:06,45,$3 to < $7,3,0,strawberries,2,Sweet,4cb7a55f-91d4-45fe-9db8-0007206a7067,0,7,morning,energy
ids-4,2023-08-28 22:23:28,140,$1 to < $3,2,12,goldfish,3,Salty,3536737b-48bf-4f61-b3b9-beb2206a7067,11,0,night,energy
ids-4,2023-08-28 22:05:09,140,$1 to < $3,2,30,kit kat,2,Sweet,58b4fb4f-200d-46b4-acc9-5b60206a7067,20,40,evening,craving
ids-5,2023-08-28 09:21:38,230,$3 to < $7,1,15,honeybun,3,Sweet,SKIPPED,190,15,afternoon,craving
ids-5,2023-08-28 09:18:23,300,$3 to < $7,2,29,uncrustables,9,Sweet,SKIPPED,280,15,morning,hungry/thirsty
ids-5,2023-08-28 09:14:41,140,$3 to < $7,2,19,cheerios,5,Sweet,SKIPPED,190,2,morning,hungry/thirsty
ids-6,2023-08-28 09:12:53,105,$3 to < $7,4,10,cereal,2.5,Sweet,SKIPPED,0,9,morning,energy
ids-5,2023-08-28 09:09:27,160,$1 to < $3,2,13,Lays potato chips,2,Salty,SKIPPED,17,0,afternoon,craving
ids-5,2023-08-28 09:06:47,373,$3 to < $7,2,13,french fries,5.7,Salty,SKIPPED,306.2,0,afternoon,hungry/thirsty
ids-5,2023-08-28 09:04:59,140,$1 to < $3,1,19,takis,2,Salty,SKIPPED,410,0,night,craving
ids-5,2023-08-28 09:02:33,95,$0 to < $1,5,25,Apple,1,Sweet,SKIPPED,0,0,afternoon,energy
ids-7,2023-08-25 18:27:40,150,$1 to < $3,3,7,Granola Bar with almonds,2,Salty,b27eb641-a595-4771-979e-04a8206a7067,90,9,evening,energy
ids-8,2023-08-25 14:40:38,140,$3 to < $7,4,2,Bananachips,0,Sweet,SKIPPED,0,0,morning,hungry/thirsty
ids-9,2023-08-25 18:02:55,50,$1 to < $3,5,1,peach,1,Sweet,SKIPPED,0,13,evening,energy
ids-9,2023-08-25 18:01:09,160,$3 to < $7,1,6,oreos,1,Sweet,SKIPPED,135,14,night,craving
ids-9,2023-08-25 09:38:38,80,$1 to < $3,5,1,orange,11,Sweet,SKIPPED,28,12,evening,craving
ids-9,2023-08-25 09:37:04,70,$1 to < $3,1,3,crackers ,5,Salty,SKIPPED,23,18,night,availability
ids-9,2023-08-25 09:28:49,58,$3 to < $7,2,5,sandwich,13,Sweet,SKIPPED,86,10,evening,energy
ids-9,2023-08-25 09:28:01,5,$1 to < $3,5,1,orange,4,Sweet,SKIPPED,5,32,morning,hungry/thirsty
ids-9,2023-08-25 09:27:07,307,$1 to < $3,1,5,ice cream,1,Sweet,SKIPPED,51,50,evening,availability
ids-9,2023-08-25 09:26:24,80,$1 to < $3,5,1,apple,5,Sweet,SKIPPED,32,23,morning,energy
ids-9,2023-08-25 09:25:46,290,$1 to < $3,2,4,granola bar ,13,Sweet,SKIPPED,209,5,morning,craving
ids-9,2023-08-25 09:25:11,90,$0 to < $1,5,1,peach ,2,Sweet,SKIPPED,11,1,night,craving
ids-10,2023-08-25 09:22:55,150,$1 to < $3,2,11,"cool ranch doritos
",0,Salty,SKIPPED,190,1,afternoon,craving
ids-10,2023-08-25 09:21:07,70,$1 to < $3,2,16,Welch's fruit n yogurt snacks,0,Sweet,SKIPPED,35,12,afternoon,availability
ids-11,2023-08-25 09:19:15,100,$1 to < $3,1,8,fruit snakcs ,0,Sweet,SKIPPED,56,6,morning,availability
ids-12,2023-08-25 08:45:53,140,$3 to < $7,3,18,Tim's jalapeno chips,2,Salty,22d9d51c-779e-4992-b18a-2f12206a7067,220,0,night,craving
ids-13,2023-08-25 08:44:07,70,$1 to < $3,3,15,air head,0,Sweet,SKIPPED,0,18,evening,craving
ids-12,2023-08-25 08:43:16,90,$1 to < $3,1,16,skittle gummies,0,Sweet,65f95c5a-5dbb-4678-a695-c580206a7067,0,18,night,craving
ids-6,2023-08-25 08:42:45,120,$3 to < $7,4,7,cereal,8,Sweet,SKIPPED,23,7,morning,hungry/thirsty
ids-14,2023-08-25 08:41:12,90,$3 to < $7,2,28,beef jerky,10,Salty,SKIPPED,390,9,night,craving
ids-15,2023-08-25 08:40:33,200,$1 to < $3,2,5,Gold Fish,5,Salty,SKIPPED,360,0,evening,social
ids-12,2023-08-25 08:40:01,123,$7 or more,3,6,white rice ,2.9,Salty,9a74a854-8e49-48c4-8bc4-9833206a7067,0,0,afternoon,social
ids-16,2023-08-25 08:39:37,130,$3 to < $7,3,13,sea salt veggie straws,1,Salty,SKIPPED,220,1,evening,other
ids-14,2023-08-25 08:39:17,160,$1 to < $3,5,32,rice crispy,2,Sweet,SKIPPED,140,11,afternoon,availability
ids-17,2023-08-25 08:39:11,71,$0 to < $1,2,6,toast ,2.72,Salty,SKIPPED,121,1.56,morning,energy
ids-18,2023-08-25 08:38:37,210,$1 to < $3,2,10,hershey almond ,4,Sweet,SKIPPED,25,19,evening,craving
ids-19,2023-08-25 08:38:25,300,$7 or more,2,14,lo,4,Salty,SKIPPED,120,50,evening,social
ids-20,2023-08-25 08:38:19,130,$1 to < $3,2,15,Airheads,0,Sweet,SKIPPED,5,21,night,energy
ids-21,2023-08-25 08:38:01,160,$1 to < $3,2,13,oreos,1,Sweet,SKIPPED,135,14,morning,availability
ids-22,2023-08-25 08:37:32,170,$7 or more,2,8,pop tarts,2,Sweet,SKIPPED,115,14,afternoon,hungry/thirsty
ids-23,2023-08-25 08:37:16,190,$3 to < $7,3,12,Gatorade,0,Sweet,7e504af1-a575-41be-b5ab-188b206a7067,160,21,morning,availability
ids-24,2023-08-25 08:37:14,190,$1 to < $3,3,3,Gatorade ,0,Sweet,SKIPPED,160,21,morning,energy
ids-13,2023-08-25 08:37:04,60,$0 to < $1,3,5,tootsie roll pop,0,Sweet,SKIPPED,0,11,evening,craving
ids-20,2023-08-25 08:36:34,80,$3 to < $7,2,20,Gushers,0,Sweet,SKIPPED,45,10,evening,other
ids-25,2023-08-25 08:36:14,190,$3 to < $7,4,12,oatmeal,5,Sweet,SKIPPED,0,1,morning,hungry/thirsty
ids-14,2023-08-25 08:36:12,140,$3 to < $7,3,26,gold fish,3,Salty,SKIPPED,250,0,afternoon,availability
ids-2,2023-08-25 08:35:54,90,$3 to < $7,3,7,fruit snacks,1,Sweet,SKIPPED,25,13,morning,availability
ids-7,2023-08-25 08:35:40,270,$1 to < $3,1,18,Cosmic Brownie,2,Sweet,ec1659b8-ccb0-4609-9cce-61ce206a7067,170,23,morning,craving
ids-26,2023-08-25 08:35:31,160,$1 to < $3,3,7,cheese puffs,1,Sweet,SKIPPED,310,0,evening,availability
ids-14,2023-08-25 08:34:15,200,$3 to < $7,3,28,dino chicken nuggets,10,Salty,SKIPPED,390,0,evening,availability
ids-13,2023-08-25 08:33:46,80,$1 to < $3,3,23,Welch's fruit snack,1,Sweet,SKIPPED,20,9,evening,craving
ids-22,2023-08-25 08:33:34,200,$3 to < $7,1,7,Pocky Sticks Chocolate ,7,Sweet,SKIPPED,135,20,afternoon,hungry/thirsty
ids-20,2023-08-25 08:32:10,130,$1 to < $3,2,35,Baked Hot Cheetos,2,Salty,SKIPPED,230,1,evening,craving
ids-11,2023-08-25 07:24:19,20,$1 to < $3,5,0,apple,0,Sweet,SKIPPED,0,0,morning,availability
ids-11,2023-08-25 07:23:32,30,$3 to < $7,1,2,coffee,0,Sweet,SKIPPED,0,4,morning,availability
ids-11,2023-08-25 07:22:31,0,$1 to < $3,5,0,blueberry,0,Sweet,SKIPPED,0,0,morning,availability
ids-11,2023-08-25 07:19:01,2,$1 to < $3,5,0,strawberry,0,Sweet,SKIPPED,0,0,morning,availability
ids-10,2023-08-24 22:39:05,70,$1 to < $3,3,12,welch's strawberry fruit snacks,0,Sweet,SKIPPED,20,10,morning,availability
ids-10,2023-08-24 22:35:56,90,$1 to < $3,3,11,welch's mixed fruit,1,Sweet,SKIPPED,25,13,afternoon,energy
ids-10,2023-08-24 22:32:50,70,$0 to < $1,3,11,welch's mixed berry fruit snacks ,1,Sweet,SKIPPED,20,10,night,hungry/thirsty
ids-10,2023-08-24 22:31:02,70,$1 to < $3,3,12,welch's island fruit snacks,0,Sweet,SKIPPED,40,8,evening,emotional
ids-10,2023-08-24 22:05:28,249,$3 to < $7,2,11,Kraft Mac & Cheese ,8,Salty,SKIPPED,580,6,evening,availability
ids-10,2023-08-24 21:51:39,150,$1 to < $3,2,14,lays kettle cooked jalepeno chips ,2,Salty,SKIPPED,125,1,afternoon,craving
ids-10,2023-08-24 21:45:38,120,$1 to < $3,1,12,soup punch twists,1,Sweet,SKIPPED,5,14,afternoon,craving
ids-10,2023-08-24 21:39:33,160,$1 to < $3,2,5,lays potato chips ,2,Salty,SKIPPED,170,1,evening,availability
ids-27,2023-08-24 21:22:10,211,$1 to < $3,4,10,protein bar ,20,Sweet,6eba337e-ab4b-4ebb-b764-3cb1206a7067,115,12,morning,availability
ids-27,2023-08-24 21:19:42,700,$3 to < $7,1,4,oreo shake,12,Sweet,b01ff5ca-f6d0-4d76-a2e5-4a7b206a7067,361,74,night,social
ids-27,2023-08-24 21:16:21,410,$3 to < $7,3,18,nuggets ,26,Salty,b8304808-9cf8-49b9-b1be-40ae206a7067,730,0,afternoon,craving
ids-7,2023-08-24 18:57:15,410,$1 to < $3,1,6,Chocolate Covered Donut,3,Sweet,b08f22c8-ef5b-4b90-8ea9-557f206a7067,270,27,morning,availability
ids-7,2023-08-24 18:49:42,370,$1 to < $3,1,16,Strawberry Poptart,3,Sweet,3466b960-ae17-44c9-9105-a429206a7067,320,30,morning,availability
ids-7,2023-08-24 18:43:36,190,$1 to < $3,1,13,Ramen,4,Salty,322502e9-07ec-476b-b314-029a206a7067,760,1,evening,craving
ids-3,2023-08-24 14:45:06,448,$3 to < $7,5,3,yogurt,12,Sweet,SKIPPED,4,17,evening,availability
ids-3,2023-08-24 14:40:03,365,$3 to < $7,3,8,cheeseburger ,17,Salty,SKIPPED,630,6.01,afternoon,hungry/thirsty
ids-10,2023-08-24 08:43:56,190,$1 to < $3,4,10,honey & oats granola bar ,3,Sweet,SKIPPED,140,11,afternoon,craving
ids-15,2023-08-24 08:43:03,140,$1 to < $3,2,4,Cucumber Lime Gatorade ,0,Sweet,SKIPPED,270,34,evening,hungry/thirsty
ids-28,2023-08-24 08:42:54,110,$1 to < $3,2,10,Rips,0.5,Sweet,SKIPPED,3,18,afternoon,energy
ids-29,2023-08-24 08:42:31,210,$1 to < $3,3,14,Lenny & Larry's® The Complete Plant-Based Protein Chocolate Chip Cookie,8,Sweet,86bdca0e-850d-4b17-9994-9455206a7067,115,12,morning,energy
ids-23,2023-08-24 08:42:27,110,$1 to < $3,4,14,skittles ,0,Sweet,782d3d3b-c7ac-4a25-bb84-dfbb206a7067,5,25,evening,craving
ids-13,2023-08-24 08:42:21,170,$1 to < $3,4,23,small bag of hot Cheetos ,1,Salty,SKIPPED,250,0,evening,craving
ids-7,2023-08-24 08:42:20,110,$1 to < $3,3,13,Sour Patch kids,0,Sweet,80c5c0c0-bb11-4692-abca-90a6206a7067,25,24,morning,availability
ids-24,2023-08-24 08:42:09,150,$7 or more,2,9,pretzel ,4,Salty,SKIPPED,180,3,evening,craving
ids-27,2023-08-24 08:42:08,65,$1 to < $3,2,3,French Fries ,2,Salty,7878dbcf-f05d-4209-bbd3-c740206a7067,15,5,evening,hungry/thirsty
ids-30,2023-08-24 08:42:03,221,$1 to < $3,3,18,Hot Chocolate ,9.4,Sweet,SKIPPED,180,32.8,night,craving
ids-11,2023-08-24 08:41:49,50,$1 to < $3,5,0,plum ,0,Sweet,SKIPPED,0,0,morning,availability
ids-12,2023-08-24 08:41:44,186,$1 to < $3,1,5,hotdog,7,Salty,4d0631bf-3dcc-4761-a5ad-206b206a7067,0,1,afternoon,craving
ids-20,2023-08-24 08:41:39,90,$3 to < $7,3,20,Black Forest Gummy Bears,2,Sweet,SKIPPED,25,15,night,other
ids-6,2023-08-24 08:41:37,72,$3 to < $7,3,12,cereal,8,Sweet,SKIPPED,190,7,morning,craving
ids-19,2023-08-24 08:41:19,80,$3 to < $7,5,1,sardines,34,Salty,SKIPPED,90,0,evening,craving
ids-16,2023-08-24 08:41:00,118,$1 to < $3,3,30,fruit loops without milk,1.1,Sweet,SKIPPED,120,12.9,morning,availability
ids-25,2023-08-24 08:40:55,95,$1 to < $3,5,6,apple ,1,Sweet,SKIPPED,0,19,night,availability
ids-31,2023-08-24 08:40:45,280,$1 to < $3,2,22,Snickers ,4,Sweet,SKIPPED,140,30,evening,other
ids-18,2023-08-24 08:40:43,90,$1 to < $3,4,1,great value greek yogurt ,15,Sweet,SKIPPED,45,6,night,craving
ids-15,2023-08-24 08:40:41,120,$1 to < $3,1,6,Air Heads Strips,1,Sweet,SKIPPED,10,19,night,social
ids-32,2023-08-24 08:40:38,290,$1 to < $3,3,40,Cup noodles chicken,6,Salty,SKIPPED,1070,2,morning,energy
ids-23,2023-08-24 08:40:01,130,$1 to < $3,3,12,Gram Cracker,2,Sweet,8d0beaba-4495-473f-91f6-db04206a7067,160,8,morning,availability
ids-21,2023-08-24 08:40:00,140,$1 to < $3,2,17,zambos,1,Salty,SKIPPED,310,1,evening,craving
ids-7,2023-08-24 08:39:33,170,$1 to < $3,2,24,Oatmeal creme pie,2,Sweet,e0b8cae7-c15e-4e0c-a28d-64ed206a7067,125,17,morning,craving
ids-3,2023-08-24 08:39:23,260,$1 to < $3,3,19,oreo cakesters ,2,Sweet,SKIPPED,220,21,afternoon,craving
ids-25,2023-08-24 08:39:11,158,$3 to < $7,5,12,oatmeal ,4,Sweet,SKIPPED,203,16,evening,hungry/thirsty
ids-15,2023-08-24 08:39:08,140,$1 to < $3,2,5,Gold Fish,4,Sweet,SKIPPED,260,0,evening,availability
ids-2,2023-08-24 08:38:44,80,$3 to < $7,3,6,fruit snacks,1,Sweet,SKIPPED,20,11,morning,availability
ids-18,2023-08-24 08:38:35,60,$3 to < $7,3,10,chobani zero sugar greek yogurt ,11,Sweet,SKIPPED,65,0,afternoon,availability
ids-13,2023-08-24 08:38:15,210,$1 to < $3,5,20,kit kat bar ,3,Sweet,SKIPPED,30,21,evening,craving
ids-19,2023-08-24 08:38:07,12,$1 to < $3,3,12,hola,14,Salty,SKIPPED,189,12,afternoon,craving
ids-21,2023-08-24 08:37:59,190,$1 to < $3,3,13,nature valley ,4,Salty,SKIPPED,160,12,afternoon,energy
ids-20,2023-08-24 08:37:47,210,$1 to < $3,1,32,Cheez-itz,4,Salty,SKIPPED,320,0,evening,craving
ids-32,2023-08-24 08:37:46,80,$1 to < $3,4,17,Jack links teriyaki beef jerky,11,Salty,283c436b-fc9b-4e77-bb0f-eb0e206a7067,550,6,evening,hungry/thirsty
ids-23,2023-08-24 08:37:03,160,$3 to < $7,5,16,Oreo ,1,Sweet,78d630b5-54ba-4453-85ba-713a206a7067,130,14,afternoon,craving
ids-26,2023-08-24 08:36:27,160,$1 to < $3,3,4,act 2 popcorn,3,Salty,SKIPPED,290,0,evening,availability
ids-32,2023-08-24 08:36:21,80,$1 to < $3,4,17,Jack links teriyaki beef jerky,11,Salty,6b6dffe1-1427-4c8c-83e9-85cb206a7067,550,6,evening,hungry/thirsty
ids-18,2023-08-24 08:36:19,90,$1 to < $3,3,10,Life savers collision ,1,Sweet,SKIPPED,0,18,afternoon,craving
ids-22,2023-08-24 08:36:04,140,$3 to < $7,3,8,ZBar chocolate chip ,2,Sweet,SKIPPED,105,10,afternoon,hungry/thirsty
ids-14,2023-08-24 08:35:54,160,$1 to < $3,3,23,lays potato chips,2,Salty,SKIPPED,170,1,evening,availability
ids-21,2023-08-24 08:35:28,35,$1 to < $3,3,12,electrolyte,0,Salty,SKIPPED,370,9,morning,craving
ids-30,2023-08-24 08:35:22,150,$1 to < $3,2,16,Lays barbecue chips ,2,Salty,SKIPPED,105,2,afternoon,craving
ids-29,2023-08-24 08:34:55,400,$1 to < $3,2,15,reeses penut butter cups ,5,Sweet,fa25aaad-b129-4411-a0f4-f50a206a7067,140,25,afternoon,craving
ids-2,2023-08-23 18:18:53,140,$1 to < $3,2,8,coca-cola can,0,Sweet,SKIPPED,45,39,afternoon,availability
ids-2,2023-08-23 18:16:19,420,$3 to < $7,3,10,hot and spicy ramen fiery beef,10,Salty,SKIPPED,1310,4,night,craving
ids-2,2023-08-23 18:13:31,117,$3 to < $7,2,6,sour strips,1,Sweet,SKIPPED,5,20,morning,availability
ids-2,2023-08-23 18:09:34,140,$3 to < $7,2,15,Goldfish flavor blasted,4,Salty,SKIPPED,260,0,afternoon,availability
ids-3,2023-08-23 14:49:31,361,$0 to < $1,3,5,sandwich ,19.3,Sweet,SKIPPED,5,5.1,evening,hungry/thirsty
ids-3,2023-08-23 14:46:39,105,$0 to < $1,5,0,banana ,1.3,Sweet,SKIPPED,1,14,morning,availability
ids-3,2023-08-23 14:44:30,81,$1 to < $3,4,17,crackers,1.1,Salty,SKIPPED,120,1.2,evening,availability
ids-3,2023-08-23 14:41:35,203,$3 to < $7,4,5,chicken wings ,30.5,Salty,SKIPPED,20,0,evening,hungry/thirsty
ids-3,2023-08-23 14:38:15,269,$1 to < $3,2,15,target doughnuts ,4,Sweet,SKIPPED,10,15,afternoon,craving
ids-18,2023-08-23 09:08:28,260,$1 to < $3,3,14,turkey and cheddar lunchable ,13,Salty,SKIPPED,740,4,afternoon,craving
ids-18,2023-08-23 09:06:42,190,$1 to < $3,3,5,kirkland popcorn ,3,Salty,SKIPPED,330,0,night,craving
ids-7,2023-08-23 08:35:58,140,$1 to < $3,1,6,Sprite,0,Sweet,9fd32426-edbb-4602-bb7a-73a4206a7067,65,38,morning,hungry/thirsty
ids-30,2023-08-23 08:35:57,160,$1 to < $3,3,24,Cheetos cheddar jalapeño ,2,Salty,SKIPPED,290,1,evening,hungry/thirsty
ids-20,2023-08-23 08:35:15,95,$1 to < $3,5,1,Green Apple,0.5,Sweet,SKIPPED,2,19,morning,availability
ids-16,2023-08-23 08:33:48,100,$1 to < $3,3,32,Quaker Chewy Chocolate Chip Granola Bars,1,Sweet,SKIPPED,70,7,morning,availability
ids-30,2023-08-23 08:33:14,190,$1 to < $3,3,11,Granola bar ,4,Sweet,SKIPPED,160,12,afternoon,hungry/thirsty
ids-22,2023-08-23 08:30:22,60,$3 to < $7,4,5,Bear fruit rolls,0,Sweet,SKIPPED,0,8,afternoon,hungry/thirsty
ids-24,2023-08-23 08:29:50,50,$1 to < $3,4,4,Gatorade ,0,Sweet,SKIPPED,110.2,14,night,energy
ids-29,2023-08-23 08:29:35,250,$1 to < $3,1,7,skittles,0,Sweet,dbd10ce3-2638-4757-a0d1-92eb206a7067,20,45,afternoon,craving
ids-10,2023-08-22 20:31:28,140,$3 to < $7,1,15,reeses pieces,3,Sweet,SKIPPED,35,16,afternoon,craving
ids-10,2023-08-22 20:21:29,150,$3 to < $7,3,21,Cheeze itz,3,Salty,SKIPPED,230,0,afternoon,craving
ids-10,2023-08-22 20:16:46,140,$3 to < $7,3,21,goldfish,3,Salty,SKIPPED,250,0,afternoon,craving
ids-10,2023-08-22 19:47:25,170,$1 to < $3,1,11,Cookies & Creme chocolate bar ,1,Sweet,SKIPPED,55,16,evening,hungry/thirsty
ids-10,2023-08-22 18:37:38,430,$3 to < $7,1,17,red baron personal pepperoni pizza,15,Salty,SKIPPED,1010,11,evening,hungry/thirsty
ids-10,2023-08-22 18:31:28,110,$1 to < $3,5,5,banana ,1,Sweet,SKIPPED,1,15,evening,craving
ids-21,2023-08-22 09:43:54,160,$1 to < $3,2,20,extreme hot cheetos,2,Salty,SKIPPED,230,0,evening,craving
ids-21,2023-08-22 09:40:34,160,$1 to < $3,3,13,oreos,1,Sweet,SKIPPED,135,14,evening,availability
ids-21,2023-08-22 09:38:28,190,$1 to < $3,3,11,nature valley granola bar,4,Salty,SKIPPED,160,12,afternoon,energy
ids-14,2023-08-22 08:49:26,180,$3 to < $7,5,38,takis,2,Salty,SKIPPED,410,1,evening,availability
ids-28,2023-08-22 08:48:52,346,$1 to < $3,4,5,Bagel,13.8,Sweet,SKIPPED,553,11,morning,energy
ids-33,2023-08-22 08:48:36,280,$3 to < $7,1,21,Crunchy Cheddar Jalapeno Cheetos,3,Salty,SKIPPED,410,1,evening,hungry/thirsty
ids-13,2023-08-22 08:46:45,269,$1 to < $3,2,6,donut,4,Sweet,SKIPPED,150,15,evening,craving
ids-18,2023-08-22 08:44:55,90,$1 to < $3,2,10,quaker chewy s'more,1,Sweet,SKIPPED,75,8,night,availability
ids-19,2023-08-22 08:44:34,1,$3 to < $7,5,4,bannnaaa,2,Sweet,SKIPPED,10,0,afternoon,availability
ids-19,2023-08-22 08:43:30,100,$1 to < $3,3,20,chewy,1,Sweet,SKIPPED,75,8,evening,emotional
ids-31,2023-08-22 08:42:52,210,$1 to < $3,2,12,Hershey´s Chocolate ,4,Sweet,SKIPPED,30,20,evening,other
ids-13,2023-08-22 08:42:14,195,$1 to < $3,3,2,avocado toast ,5,Salty,SKIPPED,150,1,evening,hungry/thirsty
ids-17,2023-08-22 08:41:18,142,$1 to < $3,2,8,cookies ,1.7,Sweet,SKIPPED,5,4.3,evening,craving
ids-7,2023-08-22 08:40:44,140,$1 to < $3,1,11,Gatorade,0,Sweet,2f5ac01b-f41f-4c54-96db-148f206a7067,270,34,morning,hungry/thirsty
ids-4,2023-08-22 08:40:17,135,$3 to < $7,3,6,chocolate,2,Sweet,77c97eb3-2aec-4b65-b084-231c206a7067,0,7,afternoon,energy
ids-15,2023-08-22 08:39:22,150,$1 to < $3,3,3,Dark Chocolate covered almonds,3,Sweet,SKIPPED,0,7,evening,energy
ids-29,2023-08-22 08:38:56,90,$1 to < $3,2,16,quaker chewy smores ,1,Sweet,45b42c65-fff8-4422-86c6-d9cd206a7067,75,8,morning,energy
ids-19,2023-08-22 08:38:15,90,$1 to < $3,3,12,chewy,5,Sweet,SKIPPED,120,12,evening,energy
ids-7,2023-08-22 08:38:12,0,$1 to < $3,1,10,Starburst,0,Sweet,7abf6684-a54b-4c46-b238-f649206a7067,0,0,morning,availability
ids-18,2023-08-22 08:37:55,140,$1 to < $3,2,11,shortbread lorna doone cookies ,1,Sweet,SKIPPED,150,5,night,availability
ids-23,2023-08-22 08:37:28,90,$3 to < $7,3,19,Tropical Punch,0,Sweet,27b7b138-6e2e-4bbb-98b2-5d7b206a7067,15,25,evening,hungry/thirsty
ids-13,2023-08-22 08:37:14,95,$1 to < $3,4,4,oatmeal ,5,Sweet,SKIPPED,334,1,evening,hungry/thirsty
ids-12,2023-08-22 08:37:09,78,$1 to < $3,4,0,boiled egg,6,Salty,30a374a8-b3c4-4e78-929b-4ce2206a7067,65,0.1,night,availability
ids-16,2023-08-22 08:37:07,100,$1 to < $3,2,33,Quaker Chewy Chocolate Chip Granola Bars,1,Sweet,SKIPPED,70,7,morning,availability
ids-3,2023-08-22 08:37:00,117,$1 to < $3,3,17,sour punch kids ,0,Salty,SKIPPED,30,30,afternoon,availability
ids-2,2023-08-22 08:36:11,99,$3 to < $7,4,7,whole corn,3,Salty,SKIPPED,248,3,night,availability
ids-30,2023-08-22 08:35:49,140,$0 to < $1,2,27,Doritos ,2,Salty,SKIPPED,190,0,afternoon,availability
ids-26,2023-08-22 08:35:45,160,$1 to < $3,3,20,chips ahoy,1,Sweet,SKIPPED,110,11,night,availability
ids-29,2023-08-22 08:35:45,50,$0 to < $1,1,13,vero mango ,0,Salty,6f1f23f6-330d-4b71-8d29-18f5206a7067,220,9,afternoon,craving
ids-7,2023-08-22 08:35:38,110,$1 to < $3,1,19,Hot Funyuns,1,Salty,823a7808-c4b3-445c-8c57-e7a6206a7067,220,0,morning,availability
ids-23,2023-08-22 08:35:17,110,$3 to < $7,3,16,Fruit Punch ,0,Sweet,8ee560b8-e12b-40cd-9f41-4627206a7067,80,29,afternoon,craving
ids-20,2023-08-22 08:35:10,170,$1 to < $3,1,40,Hot Cheetos,1,Salty,SKIPPED,250,0,evening,craving
ids-22,2023-08-22 08:35:07,140,$3 to < $7,3,8,Goldfish Crackers,4,Salty,SKIPPED,290,0,afternoon,hungry/thirsty
ids-34,2023-08-22 08:34:46,160,$3 to < $7,1,15,Oreos,1,Sweet,SKIPPED,135,14,morning,craving
ids-3,2023-08-22 08:34:42,120,$3 to < $7,2,9,pizza ,30,Salty,SKIPPED,20,10,evening,craving
ids-2,2023-08-22 08:28:16,300,$3 to < $7,3,8,extra most bestest pepperoni pizza,16,Salty,SKIPPED,696,2,night,availability
ids-2,2023-08-22 08:24:11,160,$3 to < $7,2,7,sour cream and onion lays,2,Salty,SKIPPED,170,1,evening,availability
ids-7,2023-08-21 17:39:02,120,$1 to < $3,1,12,Sour Patch watermelons,0,Sweet,420a9862-9956-49d1-906e-6b80206a7067,40,25,evening,craving
ids-7,2023-08-21 17:24:38,210,$1 to < $3,1,14,Hershey's almond,4,Sweet,12846a0d-b678-421b-975c-eaf2206a7067,25,19,evening,availability
ids-9,2023-08-21 10:11:57,90,$3 to < $7,4,3,smoothie,3,Sweet,SKIPPED,71,18,afternoon,craving
ids-7,2023-08-21 10:10:09,150,$1 to < $3,1,18,Crunch Bar,2,Sweet,19ff78a5-2cb0-479f-b2a6-1636206a7067,45,17,evening,availability
ids-9,2023-08-21 10:09:46,160,$0 to < $1,3,6,nature valley ,5,Salty,SKIPPED,3,12,evening,energy
ids-22,2023-08-21 10:09:31,160,$7 or more,1,7,Fritos,2,Salty,SKIPPED,170,0,afternoon,hungry/thirsty
ids-12,2023-08-21 10:08:38,217,$1 to < $3,1,12,Gummy bears ,5,Sweet,d87d31a4-5d67-46b6-81f7-a361206a7067,25,30,morning,craving
ids-9,2023-08-21 10:07:52,166,$1 to < $3,1,2,ice cream sandiwch ,3,Sweet,SKIPPED,8,6,afternoon,craving
ids-15,2023-08-21 10:07:14,120,$1 to < $3,2,4,Rice Cakes,2,Sweet,SKIPPED,85,7,morning,energy
ids-22,2023-08-21 10:06:40,160,$7 or more,1,7,Lays original potato chips ,2,Salty,SKIPPED,170,0,afternoon,hungry/thirsty
ids-9,2023-08-21 10:06:04,95,$0 to < $1,5,1,apple ,1,Sweet,SKIPPED,3,19,night,hungry/thirsty
ids-15,2023-08-21 10:05:37,210,$1 to < $3,1,5,DR Pepper ,0,Sweet,SKIPPED,80,55,night,social
ids-28,2023-08-21 10:05:10,160,$3 to < $7,3,18,Trix,2,Sweet,SKIPPED,180,12,morning,hungry/thirsty
ids-18,2023-08-21 10:04:55,150,$1 to < $3,3,8,cheeze itz,3,Salty,SKIPPED,230,0,evening,availability
ids-19,2023-08-21 10:04:28,20,$3 to < $7,4,9,snack,3,Salty,SKIPPED,200,40,afternoon,craving
ids-33,2023-08-21 10:04:21,158,$3 to < $7,1,11,sour patch kids,0,Sweet,SKIPPED,18,24,afternoon,hungry/thirsty
ids-9,2023-08-21 10:04:16,60,$0 to < $1,5,1,orange ,1,Sweet,SKIPPED,0,12,morning,craving
ids-22,2023-08-21 10:03:27,150,$7 or more,1,7,Doritos nacho cheese,2,Salty,SKIPPED,210,0,afternoon,hungry/thirsty
ids-7,2023-08-21 10:03:22,120,$3 to < $7,3,3,Apple Juice,1,Sweet,3f2f50e2-7a0e-4969-848a-7cae206a7067,30,28,morning,hungry/thirsty
ids-9,2023-08-21 10:03:19,250,$1 to < $3,2,3,lucnchable ,13,Sweet,SKIPPED,4,7,afternoon,availability
ids-19,2023-08-21 10:02:50,20,$3 to < $7,2,8,fruit snacks ,1,Sweet,SKIPPED,12,5,morning,craving
ids-18,2023-08-21 10:02:31,260,$1 to < $3,3,40,luncables turkey and cheddar ,13,Salty,SKIPPED,740,4,afternoon,craving
ids-12,2023-08-21 10:02:20,320,$3 to < $7,3,7,Gyoza,14,Salty,96fdf937-e02a-43be-b221-a75a206a7067,960,0,night,craving
ids-9,2023-08-21 10:01:37,90,$0 to < $1,5,1,banana,10,Sweet,SKIPPED,4,12.5,morning,energy
ids-18,2023-08-21 10:01:02,80,$3 to < $7,3,10,fruit by the foot ,0,Sweet,SKIPPED,50,10,afternoon,craving
ids-9,2023-08-21 10:00:39,342,$1 to < $3,3,3,peanut butter sandwich ,12.2,Sweet,SKIPPED,370,18,afternoon,craving
ids-35,2023-08-21 10:00:32,85,$1 to < $3,3,1,string cheese,6.5,Salty,SKIPPED,198,0.5,morning,craving
ids-25,2023-08-21 09:59:53,210,$1 to < $3,3,6,peanut butter jelly sandwich ,6,Sweet,SKIPPED,210,10,morning,energy
ids-15,2023-08-21 09:59:42,140,$7 or more,2,4,Movie Popcorn ,2,Salty,SKIPPED,340,0,night,social
ids-7,2023-08-21 09:59:33,210,$1 to < $3,2,18,Uncrustables,6,Sweet,7303dff5-dd45-4e1e-801d-c169206a7067,220,10,morning,availability
ids-18,2023-08-21 09:59:01,150,$3 to < $7,3,10,reese's pieces,3,Sweet,SKIPPED,35,16,night,craving
ids-15,2023-08-21 09:57:58,150,$1 to < $3,1,5,Doritos Flaming Hot ,2,Salty,SKIPPED,200,0,afternoon,social
ids-25,2023-08-21 09:57:25,170,$1 to < $3,1,9,hot Cheetos ,1,Salty,SKIPPED,260,0,evening,craving
ids-7,2023-08-21 09:56:22,140,$1 to < $3,1,20,Doritos,2,Salty,97e73fd2-be45-47a6-ae7c-10aa206a7067,210,0,evening,availability
ids-24,2023-08-21 09:56:21,363,$3 to < $7,1,5,Birria ,28,Salty,SKIPPED,259,4.1,afternoon,craving
ids-30,2023-08-21 09:55:58,60,$3 to < $7,2,10,kool aid ,0,Sweet,SKIPPED,0,14,afternoon,craving
ids-15,2023-08-21 09:55:41,180,$3 to < $7,1,4,"Spitz, Sunflower seads Cracked pepper ",7,Salty,SKIPPED,600,1,afternoon,emotional
ids-25,2023-08-21 09:54:45,140,$1 to < $3,1,9,doritos,2,Salty,SKIPPED,210,0,afternoon,other
ids-12,2023-08-21 09:54:25,4.9,$1 to < $3,4,5,Chai Tea,0.1,Sweet,e7afc8d6-538d-4797-86f0-6a5b206a7067,0.8,0,afternoon,other
ids-33,2023-08-21 09:53:55,56,$3 to < $7,1,17,oreos,0.6,Sweet,SKIPPED,47,4.9,evening,craving
ids-15,2023-08-21 09:53:47,100,$1 to < $3,2,6,Fruti punch arizona ,0,Sweet,SKIPPED,10,25,night,hungry/thirsty
ids-30,2023-08-21 09:53:38,45,$1 to < $3,4,1,Strawberries ,1,Sweet,SKIPPED,0,7,night,other
ids-7,2023-08-21 09:53:12,110,$1 to < $3,1,13,Sour Patch,0,Sweet,364de8ed-1616-47bf-996c-8943206a7067,25,24,night,craving
ids-24,2023-08-21 09:52:59,260,$3 to < $7,1,5,Bread Sticks ,12,Salty,SKIPPED,713,2.5,night,craving
ids-25,2023-08-21 09:52:16,100,$1 to < $3,3,12,Quaker Chewy Chocolate Chip Granola Bars ,1,Sweet,SKIPPED,70,7,night,hungry/thirsty
ids-35,2023-08-21 09:52:10,170,$1 to < $3,2,5,oat meal cream pie,1,Sweet,SKIPPED,170,13,afternoon,craving
ids-28,2023-08-21 09:51:34,170,$1 to < $3,2,18,Hot Cheetos,1,Salty,SKIPPED,250,0,evening,availability
ids-30,2023-08-21 09:51:27,140,$3 to < $7,3,14,Chip ahoy chewy,1,Sweet,SKIPPED,85,11,afternoon,craving
ids-20,2023-08-21 09:51:24,150,$1 to < $3,1,34,Hot Fries,2,Salty,SKIPPED,270,0.5,night,craving
ids-33,2023-08-21 09:51:10,90,$3 to < $7,1,12,lifesaver gummies,1,Sweet,SKIPPED,0,18,evening,hungry/thirsty
ids-25,2023-08-21 09:51:09,100,$1 to < $3,3,8, Quaker Chewy Chocolate Chip Granola Bars ,1,Sweet,SKIPPED,70,7,evening,availability
ids-24,2023-08-21 09:50:42,285,$3 to < $7,2,6,Pizza ,12.2,Sweet,SKIPPED,640,3.8,night,craving
ids-20,2023-08-21 09:50:05,110,$1 to < $3,2,10,Chobani Strawberry Yogurt,11,Sweet,SKIPPED,55,14,morning,energy
ids-31,2023-08-21 09:49:29,320,$1 to < $3,2,21,Hot Pocket (Pizza),10,Sweet,SKIPPED,530,3,evening,availability
ids-3,2023-08-21 09:49:28,110,$3 to < $7,2,8,cookies,0,Sweet,SKIPPED,0.3,20,afternoon,hungry/thirsty
ids-23,2023-08-21 09:49:18,303,$3 to < $7,4,17,snickers,2,Sweet,6e2f906c-2498-4f91-bfef-7d38206a7067,310,20,evening,craving
ids-21,2023-08-21 09:49:13,150,$3 to < $7,2,31,sugar cookies,1,Sweet,SKIPPED,85,15,afternoon,emotional
ids-24,2023-08-21 09:48:39,250,$1 to < $3,1,4,French Vanilla ,16,Sweet,SKIPPED,250,22,morning,other
ids-12,2023-08-21 09:48:33,42,$0 to < $1,3,0,Tuna fruit ,0.8,Sweet,7f0e3005-5513-41f2-a664-af49206a7067,5,0,morning,social
ids-33,2023-08-21 09:48:32,16,$1 to < $3,5,2,carrots,0.4,Sweet,SKIPPED,27,1.6,afternoon,craving
ids-18,2023-08-21 09:48:26,180,$3 to < $7,4,18,bbq lays ,2,Sweet,SKIPPED,150,2,evening,availability
ids-33,2023-08-21 09:47:04,150,$3 to < $7,1,25,barbecue chips,2,Salty,SKIPPED,150,2,evening,craving
ids-19,2023-08-21 09:46:18,120,$1 to < $3,1,19,kitkat,1,Salty,SKIPPED,120,30,morning,availability
ids-3,2023-08-21 09:46:02,117,$1 to < $3,2,8,sour strips ,0,Salty,SKIPPED,30,20,evening,craving
ids-21,2023-08-21 09:45:38,210,$1 to < $3,4,23,lenny and larry protein cookies,8,Salty,SKIPPED,115,12,morning,energy
ids-26,2023-08-21 09:45:25,210,$1 to < $3,3,16,kit-kat,3,Sweet,SKIPPED,30,21,evening,availability
ids-29,2023-08-21 09:45:22,150,$1 to < $3,2,14,pringles small can ,1,Salty,f6c908bc-a631-4fb0-a888-6349206a7067,160,0,afternoon,availability
ids-8,2023-08-21 09:45:22,330,$3 to < $7,1,40,Noodles,0,Salty,760dded0-af7d-4b95-b1b8-a097206a7067,1310,3,afternoon,craving
ids-11,2023-08-21 09:45:04,50,$1 to < $3,4,0,apple,0,Sweet,SKIPPED,0,0,morning,availability
ids-12,2023-08-21 09:44:59,95,$7 or more,1,7,peanut butter cookie,2,Sweet,84fdf726-5f8b-4bfb-b3fb-1b57206a7067,104,0,afternoon,availability
ids-23,2023-08-21 09:44:52,180,$1 to < $3,5,19,Takis,2,Salty,3c6e4a88-32ee-4dd8-933e-b5cb206a7067,410,3,afternoon,availability
ids-31,2023-08-21 09:44:34,280,$1 to < $3,2,23,Twinkie ,2,Sweet,SKIPPED,370,32,evening,other
ids-14,2023-08-21 09:43:54,220,$3 to < $7,3,18,glazed donut,3,Sweet,SKIPPED,280,10,morning,hungry/thirsty
ids-23,2023-08-21 09:43:53,361,$3 to < $7,4,9,sandwich,19,Salty,c78d3195-f389-445a-866f-64c3206a7067,32,6,night,availability
ids-2,2023-08-21 09:43:34,110,$3 to < $7,2,10,sourpatch kids,0,Sweet,SKIPPED,25,24,morning,availability
ids-29,2023-08-21 09:43:19,170,$1 to < $3,2,14,turbos ,2,Salty,1b39f3db-0ef9-4689-a1c0-f70b206a7067,230,0,afternoon,craving
ids-16,2023-08-21 09:43:05,150,$3 to < $7,3,40,"Doritos Flamin Hot Nacho
",2,Salty,SKIPPED,190,1,evening,craving
ids-26,2023-08-21 09:42:20,160,$1 to < $3,3,4,fritos,2,Salty,SKIPPED,170,0,evening,hungry/thirsty
ids-16,2023-08-21 09:42:04,150,$3 to < $7,1,40,Doritos Flamin Hot Nacho,2,Salty,SKIPPED,190,1,afternoon,craving
ids-14,2023-08-21 09:41:44,270,$3 to < $7,4,20,hot pocket,9,Salty,SKIPPED,690,3,evening,craving
ids-2,2023-08-21 09:41:42,150,$3 to < $7,2,10,Doritos: Flaming Hot Nacho,2,Salty,SKIPPED,190,1,night,availability
ids-28,2023-08-21 09:41:31,80,$3 to < $7,3,16,Beef Jerky,10,Salty,SKIPPED,520,6,afternoon,craving
ids-18,2023-08-21 09:41:28,210,$1 to < $3,4,11,sour patch kids,0,Sweet,SKIPPED,50,44,afternoon,craving
ids-21,2023-08-21 09:41:26,170,$1 to < $3,1,24,hot cheetos,1,Salty,SKIPPED,250,0,evening,craving
ids-11,2023-08-21 09:40:56,100,$1 to < $3,1,9,gum,0,Sweet,SKIPPED,0,9,morning,availability
ids-14,2023-08-18 08:47:27,52,$3 to < $7,5,28,twinkie,2.3,Sweet,SKIPPED,370,32,afternoon,craving
ids-6,2023-08-18 08:47:26,152,$3 to < $7,1,8,chips,2,Salty,661e3768-0347-4447-bb83-3c9a206a7067,170,0.1,afternoon,craving
ids-23,2023-08-18 08:46:51,218,$3 to < $7,5,14,kitkat ,2,Sweet,625ec873-1361-48a3-9572-ef69206a7067,220,22,afternoon,craving
ids-7,2023-08-18 08:46:37,70,$1 to < $3,1,11,Jolly Ranchers,0,Sweet,066d8db4-4c6b-4c6a-8ebf-985f206a7067,0,11,evening,availability
ids-35,2023-08-18 08:45:55,62,$1 to < $3,4,4,grapes ,0.6,Sweet,SKIPPED,2,15,morning,availability
ids-23,2023-08-18 08:45:30,160,$3 to < $7,5,17,Cheetos ,2,Salty,159d58c1-b791-4ca2-b277-f4fd206a7067,250,2,night,craving
ids-13,2023-08-18 08:45:17,30,$0 to < $1,5,1,plum,0.5,Sweet,SKIPPED,0,0,afternoon,energy
ids-14,2023-08-18 08:45:10,250,$3 to < $7,5,30,twix,2,Sweet,SKIPPED,105,25,afternoon,craving
ids-29,2023-08-18 08:43:59,80,$1 to < $3,4,14,welchs fruit snacks ,1,Sweet,d03fa6a3-8faf-4578-8843-afda206a7067,20,11,morning,craving
ids-30,2023-08-18 08:43:55,170,$1 to < $3,3,24,pop tart strawberry ,2,Sweet,SKIPPED,115,14,afternoon,availability
ids-23,2023-08-18 08:43:53,110,$1 to < $3,5,15,Doritos ,2,Salty,f6d4756e-b823-43ad-9f17-a6c5206a7067,210,3,evening,craving
ids-32,2023-08-18 08:43:46,230,$3 to < $7,4,22,Kind energy protein bars chocolate chunk,10,Salty,SKIPPED,160,13,evening,hungry/thirsty
ids-13,2023-08-18 08:43:37,51,$0 to < $1,4,1,peach ,1.2,Sweet,SKIPPED,0,0,evening,craving
ids-9,2023-08-18 08:43:32,86,$1 to < $3,3,23,granola bar ,1.5,Sweet,SKIPPED,59,6.7,morning,hungry/thirsty
ids-15,2023-08-18 08:43:12,180,$1 to < $3,2,4,Mango Arizona,0,Sweet,SKIPPED,0,21,night,hungry/thirsty
ids-14,2023-08-18 08:43:12,110,$3 to < $7,4,20,skittles,0,Sweet,SKIPPED,5,21,evening,availability
ids-33,2023-08-18 08:43:02,86,$3 to < $7,5,2,watermelon,1.7,Sweet,SKIPPED,2.9,18,evening,hungry/thirsty
ids-3,2023-08-18 08:43:01,148,$1 to < $3,3,6,cookies ,3,Sweet,SKIPPED,93,45,afternoon,craving
ids-2,2023-08-18 08:42:58,110,$3 to < $7,2,4,skittles,0,Sweet,SKIPPED,5,21,afternoon,availability
ids-23,2023-08-18 08:42:43,110,$3 to < $7,4,15,Orange Juice ,2,Sweet,d4dfbfe1-7940-4264-b39b-c0a1206a7067,30,22,afternoon,hungry/thirsty
ids-35,2023-08-18 08:42:29,500,$1 to < $3,1,5,ramon,10,Salty,SKIPPED,1790,4,evening,craving
ids-7,2023-08-18 08:42:26,150,$1 to < $3,3,19,Glaze Donut,2,Sweet,1ccc89d5-1f56-4d88-b17d-1b8a206a7067,280,1,evening,availability
ids-19,2023-08-18 08:42:17,90,$1 to < $3,3,15,cheez itz,5,Salty,SKIPPED,150,2,morning,craving
ids-21,2023-08-18 08:42:15,170,$1 to < $3,2,27,hot cheetos,1,Salty,SKIPPED,250,0,evening,craving
ids-25,2023-08-18 08:42:14,80,$1 to < $3,3,10,Welch's fruit snacks ,1,Sweet,SKIPPED,20,18,morning,availability
ids-16,2023-08-18 08:42:05,60,$3 to < $7,4,14,Outshine Fruit Ice Bars Lime,0,Sweet,SKIPPED,0,16,afternoon,other
ids-13,2023-08-18 08:42:00,101,$1 to < $3,4,1,pear ,0.6,Sweet,SKIPPED,0,0,afternoon,craving
ids-12,2023-08-18 08:41:57,15,$1 to < $3,4,0,Mini cucumbers ,1.48,Salty,5dd5a133-ac00-4003-81f0-33d2206a7067,0,1.48,night,energy
ids-32,2023-08-18 08:41:51,160,$1 to < $3,3,18,Kit kat king size,1,Sweet,SKIPPED,5,17,morning,availability
ids-15,2023-08-18 08:41:44,170,$1 to < $3,1,6,Lemon hot cheetos,1,Salty,SKIPPED,260,0,evening,craving
ids-29,2023-08-18 08:41:39,410,$3 to < $7,5,25,met-rx protien bar ,32,Sweet,87bee7a1-d1da-478d-85a4-99d7206a7067,320,27,afternoon,energy
ids-2,2023-08-18 08:41:38,240,$3 to < $7,3,4,coca-cola,0,Salty,SKIPPED,75,65,afternoon,availability
ids-23,2023-08-18 08:41:21,110,$3 to < $7,3,12,Fruit Punch ,0,Sweet,824d0eda-dbc3-473b-b612-4332206a7067,80,29,afternoon,hungry/thirsty
ids-14,2023-08-18 08:41:14,80,$1 to < $3,5,18,snickers,1,Sweet,SKIPPED,40,9,evening,craving
ids-30,2023-08-18 08:40:57,150,$1 to < $3,3,16,Lays barbecue ,2,Salty,SKIPPED,150,2,afternoon,availability
ids-11,2023-08-18 08:40:56,50,$1 to < $3,3,0,peach,0,Sweet,SKIPPED,0,0,morning,availability
ids-25,2023-08-18 08:40:46,600,$3 to < $7,3,11,peanut butter jelly ,18,Sweet,SKIPPED,540,29,morning,hungry/thirsty
ids-18,2023-08-18 08:40:29,90,$3 to < $7,3,8,welches berry mix ,0,Sweet,SKIPPED,100,7,afternoon,craving
ids-32,2023-08-18 08:40:14,200,$1 to < $3,2,6,Coca cola 500 ml glass bottle,0,Sweet,SKIPPED,0,55,evening,hungry/thirsty
ids-21,2023-08-18 08:40:08,140,$1 to < $3,3,23,chewy granola bar,7,Salty,SKIPPED,105,8,morning,availability
ids-7,2023-08-18 08:39:59,210,$1 to < $3,1,16,KitKat,2,Sweet,035a769b-c1fd-4410-855f-f1cd206a7067,20,23,morning,availability
ids-23,2023-08-18 08:39:50,140,$3 to < $7,3,14,Gatoraid ,0,Sweet,b77f1f3d-bf33-4f89-88e7-83c9206a7067,270,34,afternoon,hungry/thirsty
ids-13,2023-08-18 08:39:38,100,$1 to < $3,4,23,chewy granola bar ,1,Sweet,SKIPPED,70,8,afternoon,craving
ids-2,2023-08-18 08:39:32,160,$3 to < $7,2,8,Cheetos puffs,2,Salty,SKIPPED,270,1,afternoon,availability
ids-3,2023-08-18 08:39:29,80,$3 to < $7,3,10,fruit snacks ,1,Sweet,SKIPPED,20,11,afternoon,craving
ids-15,2023-08-18 08:39:26,130,$1 to < $3,2,4,little caesars breadstick ,4,Salty,SKIPPED,210,1,afternoon,hungry/thirsty
ids-11,2023-08-18 08:39:12,5,$3 to < $7,5,0,cherry,0,Sweet,SKIPPED,0,0,evening,availability
ids-29,2023-08-18 08:38:52,270,$1 to < $3,2,13,hot fries ,3,Salty,30132f93-5f06-43f1-b655-2fa8206a7067,490,1,afternoon,craving
ids-18,2023-08-18 08:38:35,100,$3 to < $7,3,9,quaker chewy peanut butter chocalte chip ,2,Salty,SKIPPED,95,7,evening,hungry/thirsty
ids-14,2023-08-18 08:38:35,170,$1 to < $3,5,23,popt art,2,Sweet,SKIPPED,115,14,morning,availability
ids-33,2023-08-18 08:38:11,250,$3 to < $7,1,17,snickers,4.4,Sweet,SKIPPED,117,26,afternoon,availability
ids-22,2023-08-18 08:38:09,90,$3 to < $7,3,6,Made Good Granola bar chocolate chip,1,Salty,SKIPPED,0,6,morning,hungry/thirsty
ids-24,2023-08-18 08:38:08,120,$1 to < $3,1,6,Hot fires ,0,Sweet,SKIPPED,300,1,night,craving
ids-30,2023-08-18 08:38:02,140,$1 to < $3,3,4,popcorn ,1,Sweet,SKIPPED,110,8,afternoon,other
ids-11,2023-08-18 08:37:56,100,$1 to < $3,1,9,gummy bear ,0,Sweet,SKIPPED,5,4,evening,availability
ids-17,2023-08-18 08:37:38,69,$1 to < $3,3,6,toast ,3.2,Salty,SKIPPED,146,1.6,morning,hungry/thirsty
ids-20,2023-08-18 08:37:28,62,$3 to < $7,5,1,Nectarine,1.5,Sweet,SKIPPED,0,11.2,morning,energy
ids-2,2023-08-18 08:37:24,80,$3 to < $7,2,7,gummy fruit snacks,1,Sweet,SKIPPED,20,11,afternoon,availability
ids-23,2023-08-18 08:37:06,140,$3 to < $7,5,12,Chip Ahoy Cookie ,2,Sweet,ca8868e1-a682-48f9-8782-6107206a7067,68,30,evening,craving
ids-25,2023-08-18 08:36:56,290,$1 to < $3,3,13,honey bum ,3,Sweet,SKIPPED,210,17,morning,craving
ids-3,2023-08-18 08:36:39,93,$1 to < $3,4,5,popcorn ,3,Salty,SKIPPED,0.7,0.2,afternoon,hungry/thirsty
ids-34,2023-08-18 08:36:33,280,$1 to < $3,2,13,Snicker bar,4,Sweet,SKIPPED,140,30,afternoon,craving
ids-11,2023-08-18 08:36:08,209,$1 to < $3,1,4,muffin,0,Sweet,SKIPPED,391,3,morning,availability
ids-13,2023-08-18 08:35:39,35,$0 to < $1,5,9,rice cake ,0.7,Salty,SKIPPED,15,0,morning,energy
ids-18,2023-08-18 08:35:04,50,$3 to < $7,2,7,pulaparind,0,Sweet,SKIPPED,120,10,afternoon,craving
ids-29,2023-08-18 08:35:00,410,$3 to < $7,5,25,met-rx protein bar 32 grams ,32,Sweet,234deae2-de2c-40f3-a0ef-b2f9206a7067,320,25,afternoon,energy
ids-25,2023-08-18 08:34:46,270,$1 to < $3,1,12,hot fries ,3,Salty,SKIPPED,490,1,morning,hungry/thirsty
ids-20,2023-08-18 08:34:39,140,$3 to < $7,2,4,Skinny Popcorn Kettle,3,Sweet,SKIPPED,110,7,night,energy
ids-30,2023-08-18 08:34:29,143,$1 to < $3,3,8,donuts ,2.4,Sweet,SKIPPED,86,9.2,morning,craving
ids-16,2023-08-18 08:34:23,120,$3 to < $7,2,15,honey bunches of oats nutrition without milk,1,Sweet,SKIPPED,150,7,morning,availability
ids-34,2023-08-18 08:34:14,80,$0 to < $1,2,20,Gushers,0,Sweet,SKIPPED,45,10,afternoon,craving
ids-24,2023-08-18 08:33:38,481,$7 or more,1,5,bagel Bites ,22,Salty,SKIPPED,841,3,evening,craving
ids-22,2023-08-18 08:33:03,130,$3 to < $7,1,7,Nutter Butter peanut butter sandwich cookies,2,Sweet,SKIPPED,100,8,afternoon,craving
ids-30,2023-08-18 08:32:25,150,$1 to < $3,2,14,hot fries ,2,Sweet,SKIPPED,280,1,afternoon,craving
ids-16,2023-08-18 08:31:27,100,$7 or more,2,38,quaker chewy chocolate chip,1,Sweet,SKIPPED,70,7,morning,availability
ids-8,2023-08-18 08:24:22,330,$1 to < $3,1,40,Noodles,6,Salty,5db13184-8cb4-45fd-806b-d3ab206a7067,1000,0,afternoon,craving
ids-31,2023-08-17 23:21:39,130,$3 to < $7,3,33,donut,3,Sweet,SKIPPED,110,4,afternoon,social
ids-31,2023-08-17 23:17:17,100,$1 to < $3,3,15,granola bar ,3,Sweet,SKIPPED,140,11,evening,availability
ids-31,2023-08-17 23:14:50,35,$3 to < $7,3,4,rice cake ,1,Sweet,4c32a08a-e3ec-4bbc-82ce-a74b206a7067,15,0,afternoon,availability
ids-31,2023-08-17 23:10:29,210,$1 to < $3,4,19,honeybun,3,Sweet,SKIPPED,160,10,morning,hungry/thirsty
ids-31,2023-08-17 23:08:22,470,$3 to < $7,4,5,Croissant,8,Salty,afcfec44-c2c0-4436-8f6f-671b206a7067,540,19,morning,hungry/thirsty
ids-34,2023-08-17 22:58:19,260,$1 to < $3,2,20,nutter butter,3,Sweet,SKIPPED,210,22,afternoon,craving
ids-34,2023-08-17 22:55:44,180,$1 to < $3,2,15,Rice Pudding,3,Sweet,SKIPPED,75,12,morning,craving
ids-34,2023-08-17 22:20:45,180,$3 to < $7,3,15,Trail Miz ,5,Salty,SKIPPED,0,7,afternoon,availability
ids-34,2023-08-17 22:18:50,190,$0 to < $1,3,13,Nature Valley Granola Bar,3,Sweet,SKIPPED,140,11,afternoon,energy
ids-34,2023-08-17 22:05:28,150,$1 to < $3,3,20,Cheez its,2,Salty,SKIPPED,270,2,afternoon,availability
ids-34,2023-08-17 21:58:34,130,$0 to < $1,3,15,Popcorn,3,Salty,SKIPPED,290,0,afternoon,availability
ids-34,2023-08-17 21:55:38,170,$1 to < $3,2,15,Strawberry pop tart ,2,Sweet,SKIPPED,115,14,morning,availability
ids-16,2023-08-17 20:34:48,100,$3 to < $7,2,38,quaker chewy chocolate chip,1,Sweet,SKIPPED,75,5,morning,availability
ids-16,2023-08-17 20:15:19,160,$1 to < $3,3,10,mom: quakers strawberry and cream oatmeal,4,Sweet,SKIPPED,220,12,morning,energy
ids-16,2023-08-17 20:00:40,180,$3 to < $7,2,4,dad: extra large virginia peanuts with sea salt,7,Salty,SKIPPED,125,1,night,other
ids-16,2023-08-17 19:54:06,130,$1 to < $3,1,2,Mom: Chicharrones de rueda,2,Salty,SKIPPED,320,0,evening,craving
ids-26,2023-08-17 19:45:12,160,$0 to < $1,3,6,lays potato chips,2,Salty,SKIPPED,170,0,afternoon,availability
ids-16,2023-08-17 19:42:22,150,$3 to < $7,2,27,fruit loops without milk,2,Sweet,SKIPPED,210,12,morning,availability
ids-26,2023-08-17 19:36:55,280,$0 to < $1,3,16,twinkies,2,Sweet,SKIPPED,370,32,afternoon,hungry/thirsty
ids-16,2023-08-17 19:34:09,410,$1 to < $3,1,21,older brother: Hostess Donettes Frosted Chocolate Mini Donuts Single Serve 6 count,3,Sweet,SKIPPED,270,27,afternoon,craving
ids-26,2023-08-17 19:27:56,140,$1 to < $3,2,26,milk chocolate M&M's ,3,Sweet,SKIPPED,15,15,evening,craving
ids-17,2023-08-17 19:21:51,290,$1 to < $3,4,10,lime lays chips ,2,Salty,SKIPPED,200,1,afternoon,hungry/thirsty
ids-17,2023-08-17 19:19:45,33,$1 to < $3,2,2,greek yogurt with granola ,20,Salty,SKIPPED,135,3,evening,energy
ids-26,2023-08-17 19:18:28,130,$1 to < $3,3,10,goldfish,3,Salty,SKIPPED,240,0,afternoon,hungry/thirsty
ids-17,2023-08-17 19:16:33,150,$1 to < $3,4,34,doritos ,2,Salty,SKIPPED,210,1,afternoon,craving
ids-26,2023-08-17 19:07:27,150,$1 to < $3,3,13,cheez its,3,Salty,SKIPPED,230,0,evening,hungry/thirsty
ids-26,2023-08-17 18:56:16,350,$1 to < $3,2,10,frosted cinnamon pop tarts ,5,Sweet,SKIPPED,240,30,morning,hungry/thirsty
ids-33,2023-08-17 14:11:15,87,$3 to < $7,1,13,gummy bears,0,Sweet,SKIPPED,9.7,13,night,craving
ids-33,2023-08-17 14:09:00,200,$3 to < $7,2,15,pocky,4,Salty,SKIPPED,75,12,afternoon,other
ids-36,2023-08-17 14:01:16,120,$1 to < $3,3,5,nature valley bar ,5,Sweet,SKIPPED,23,13,afternoon,craving
ids-33,2023-08-17 13:58:24,41,$3 to < $7,5,5,pineapple,0.5,Sweet,SKIPPED,0.8,8.1,evening,availability
ids-36,2023-08-17 13:58:06,100,$3 to < $7,4,1,popcorn,1.5,Salty,SKIPPED,250,10,afternoon,craving
ids-33,2023-08-17 13:56:29,241,$3 to < $7,1,9,starbursts,0.2,Sweet,SKIPPED,1.2,34,night,hungry/thirsty
ids-36,2023-08-17 13:51:43,384,$3 to < $7,2,8,"
honey bun ",3.8,Sweet,SKIPPED,259,22,evening,craving
ids-33,2023-08-17 13:47:20,251,$3 to < $7,5,18,skittles,0.1,Sweet,SKIPPED,9.3,47,afternoon,craving
ids-36,2023-08-17 13:42:55,147,$3 to < $7,2,9,Doritos  ,2.1,Salty,SKIPPED,196,0.7,evening,craving
ids-36,2023-08-17 13:37:51,250,$1 to < $3,3,7,skittles ,0,Sweet,SKIPPED,0,45,evening,craving
ids-7,2023-08-17 08:54:54,170,$1 to < $3,1,17,Hot Cheetos,1,Salty,ddc1b94c-3561-4bc9-98e5-326b206a7067,250,1,evening,hungry/thirsty
ids-33,2023-08-17 08:54:26,95,$1 to < $3,1,2,apple,0.5,Sweet,SKIPPED,1.8,19,evening,hungry/thirsty
ids-12,2023-08-17 08:54:20,30,$0 to < $1,5,0,cucumber,3,Salty,5ed0e5e4-799f-44b6-8f67-0d6c206a7067,0,0,evening,availability
ids-34,2023-08-17 08:54:04,170,$1 to < $3,2,20,Hot cheetos,1,Salty,SKIPPED,250,0,afternoon,craving
ids-35,2023-08-17 08:53:44,0,$1 to < $3,5,0,water,0,Sweet,SKIPPED,0,0,afternoon,hungry/thirsty
ids-17,2023-08-17 08:52:35,132,$1 to < $3,2,6,granola bar ,2.6,Sweet,SKIPPED,82,8,morning,energy
ids-15,2023-08-17 08:52:29,200,$0 to < $1,1,8,White Chip Macadamia cookie ,2,Sweet,SKIPPED,190,14,evening,availability
ids-31,2023-08-17 08:52:13,140,$3 to < $7,4,33,M&M,1,Sweet,SKIPPED,20,19,evening,availability
ids-4,2023-08-17 08:52:08,240,$3 to < $7,3,7,protein cookies ,15,Sweet,2de3f835-8b38-43aa-a2de-e653206a7067,20,1,afternoon,energy
ids-21,2023-08-17 08:52:00,210,$1 to < $3,3,24,lenny and larry protein cookies,8,Salty,SKIPPED,115,12,morning,energy
ids-33,2023-08-17 08:51:46,150,$3 to < $7,4,25,Doritos flamin Hot limon,2,Salty,SKIPPED,190,0.5,afternoon,availability
ids-16,2023-08-17 08:51:45,90,$0 to < $1,3,3,"cucumber, lime, and tajin  ",0,Salty,SKIPPED,25,0.9,afternoon,craving
ids-30,2023-08-17 08:51:44,210,$1 to < $3,3,12,reese's cup,5,Sweet,SKIPPED,150,21,evening,craving
ids-7,2023-08-17 08:51:37,130,$3 to < $7,2,10,Dunkin Donuts Strawberry Dragonfruit Refresher (Medium),1,Sweet,73fb7b3b-d9db-49ee-9f27-9419206a7067,15,29,morning,hungry/thirsty
ids-22,2023-08-17 08:51:24,160,$3 to < $7,3,8,trail mix kirkland,5,Salty,SKIPPED,40,10,afternoon,hungry/thirsty
ids-35,2023-08-17 08:50:12,211,$1 to < $3,3,4,protein bar ,20,Sweet,SKIPPED,115,12,afternoon,hungry/thirsty
ids-15,2023-08-17 08:50:07,243,$1 to < $3,2,5,Broccoli cheddar soup,13.4,Salty,SKIPPED,372,4.1,evening,hungry/thirsty
ids-12,2023-08-17 08:50:06,45,$3 to < $7,4,0,Watermelon ,0.9,Sweet,52e88d41-7e95-4289-8f2b-4951206a7067,1.5,9.4,evening,availability
ids-23,2023-08-17 08:50:00,170,$1 to < $3,4,4,cookie,2,Sweet,bfeeeb6a-34e5-4193-b0fd-fc30206a7067,40,13,evening,craving
ids-26,2023-08-17 08:49:47,130,$1 to < $3,3,11,doritos ,2,Salty,SKIPPED,200,0,evening,hungry/thirsty
ids-34,2023-08-17 08:49:16,90,$3 to < $7,3,15,Fruit Snacks,1,Sweet,SKIPPED,25,13,afternoon,craving
ids-22,2023-08-17 08:49:11,70,$3 to < $7,3,3,Gogo squeeze apple sauce,0,Sweet,SKIPPED,0,13,afternoon,hungry/thirsty
ids-20,2023-08-17 08:48:45,70,$3 to < $7,3,18,Black Forest Fruit Snacks,1,Sweet,SKIPPED,25,10,evening,availability
ids-21,2023-08-17 08:48:33,100,$1 to < $3,3,20,chewy granola bar,1,Salty,SKIPPED,75,5,morning,energy
ids-17,2023-08-17 08:48:10,90,$1 to < $3,4,7,cookies ,1.7,Sweet,SKIPPED,5,4.3,evening,hungry/thirsty
ids-11,2023-08-17 08:48:08,90,$3 to < $7,1,9,welchs fruit snacks,1,Sweet,SKIPPED,10,10,afternoon,availability
ids-15,2023-08-17 08:48:02,140,$0 to < $1,2,3,Baked bbq chips ,2,Sweet,30f7f8eb-219b-4303-89b9-6134206a7067,180,3,night,availability
ids-33,2023-08-17 08:46:46,149,$3 to < $7,4,12,lays,1.8,Salty,21d080a1-e033-44ed-b73d-1b37206a7067,148,0.1,afternoon,hungry/thirsty
ids-34,2023-08-17 08:46:34,150,$1 to < $3,3,30,Flaming Hot nacho Doritos,2,Salty,SKIPPED,190,1,afternoon,craving
ids-26,2023-08-17 08:46:33,150,$1 to < $3,3,7,pringles,1,Salty,SKIPPED,150,0,afternoon,hungry/thirsty
ids-30,2023-08-17 08:46:29,130,$1 to < $3,3,13,gold fish ,3,Salty,SKIPPED,240,1,afternoon,hungry/thirsty
ids-24,2023-08-17 08:46:27,285,$3 to < $7,2,6,Pizza ,12.2,Sweet,SKIPPED,640,3.8,afternoon,availability
ids-22,2023-08-17 08:46:18,160,$3 to < $7,1,10,chips ahoy,1,Sweet,SKIPPED,105,11,evening,hungry/thirsty
ids-14,2023-08-17 08:45:44,210,$3 to < $7,5,25,honey bun,3,Sweet,SKIPPED,160,10,afternoon,craving
ids-2,2023-08-17 08:45:35,679,$7 or more,3,14,steak,62,Salty,SKIPPED,146,0,evening,other
ids-19,2023-08-17 08:45:21,140,$0 to < $1,4,7,lornadoone,1,Sweet,SKIPPED,150,5,morning,availability
ids-27,2023-08-17 08:44:54,121,$1 to < $3,1,10,ice cream ,2.3,Sweet,fea787d9-b89e-4b3f-b3e3-3d25206a7067,74,1.7,afternoon,craving
ids-20,2023-08-17 08:44:25,170,$1 to < $3,1,36,Hot Cheetos,1,Salty,SKIPPED,250,0,afternoon,craving
ids-13,2023-08-17 08:44:10,160,$1 to < $3,2,5,lays ,2,Salty,SKIPPED,170,1,evening,craving
ids-32,2023-08-17 08:44:09,10,$1 to < $3,2,21,Monster energy drink Ultra strawberry Dreams,0,Sweet,19c4721d-bf6b-4481-b170-12d6206a7067,260,0,afternoon,energy
ids-22,2023-08-17 08:43:53,223,$3 to < $7,1,10,Oreos,5.9,Sweet,SKIPPED,95,12,evening,hungry/thirsty
ids-11,2023-08-17 08:43:46,210,$1 to < $3,1,12,cheez it ,4,Salty,SKIPPED,370,0,evening,availability
ids-18,2023-08-17 08:43:35,50,$3 to < $7,2,8,pulparindo tamarind snack ,0,Sweet,SKIPPED,120,10,afternoon,craving
ids-21,2023-08-17 08:43:28,160,$1 to < $3,2,24,cheetos,2,Salty,SKIPPED,230,0,afternoon,craving
ids-31,2023-08-17 08:43:00,260,$3 to < $7,3,22,Bagel,8,Sweet,3584cfd9-a8be-494a-bc9f-57de206a7067,390,3,evening,availability
ids-30,2023-08-17 08:42:24,170,$1 to < $3,1,15,Hot Cheetos ,1,Sweet,SKIPPED,250,0,evening,craving
ids-27,2023-08-17 08:42:22,78,$3 to < $7,4,1,egg ,6,Salty,9371d6d4-bc18-439c-a95d-5c64206a7067,62,0.6,morning,energy
ids-26,2023-08-17 08:41:18,80,$3 to < $7,3,10,ritz crackers,1,Salty,SKIPPED,130,1,afternoon,hungry/thirsty
ids-7,2023-08-17 08:41:11,510,$3 to < $7,1,13,Cosmic Brownie,4,Sweet,63e6eae6-b807-4376-88e1-1ab8206a7067,280,42,morning,availability
ids-28,2023-08-17 08:41:11,233,$3 to < $7,2,7,Chocolate Brownie,3.1,Sweet,SKIPPED,172,15,night,craving
ids-34,2023-08-17 08:41:01,70,$3 to < $7,3,20,Ritz Crackers,1,Salty,SKIPPED,115,1,evening,hungry/thirsty
ids-24,2023-08-17 08:40:40,94.6,$1 to < $3,5,6,apple ,0.43,Sweet,SKIPPED,0,18.9,evening,craving
ids-20,2023-08-17 08:40:31,160,$3 to < $7,2,14,White Cheddar Popcorn,4,Salty,SKIPPED,240,2,night,other
ids-2,2023-08-17 08:40:24,85,$3 to < $7,4,9,watermelon,1.7,Sweet,SKIPPED,3,17,evening,hungry/thirsty
ids-4,2023-08-17 08:40:14,1,$1 to < $3,2,10,chocolate croissant,8,Sweet,cc24d71f-31cf-4ddb-bd67-653d206a7067,23,19,evening,availability
ids-22,2023-08-17 08:40:11,140,$3 to < $7,4,10,yoplait yogurt,5,Salty,SKIPPED,90,19,afternoon,hungry/thirsty
ids-25,2023-08-17 08:39:36,180,$1 to < $3,1,14,takis ,2,Salty,SKIPPED,410,1,afternoon,availability
ids-3,2023-08-17 08:39:34,160,$1 to < $3,3,5,chips,2,Salty,SKIPPED,0.6,0,evening,craving
ids-17,2023-08-17 08:39:16,300,$1 to < $3,4,8,croissant ,6,Salty,SKIPPED,330,5,morning,hungry/thirsty
ids-29,2023-08-17 08:39:02,410,$3 to < $7,5,25,met-rx 32 g protien bar ,32,Sweet,283541ff-ce1d-4685-b5ca-9c8d206a7067,320,27,afternoon,energy
ids-24,2023-08-17 08:38:51,327,$3 to < $7,3,6,Peanut better and jelly,10.3,Sweet,SKIPPED,482.7,12.1,evening,craving
ids-19,2023-08-17 08:38:31,90,$1 to < $3,3,14,chewy,1,Sweet,SKIPPED,80,7,morning,emotional
ids-15,2023-08-17 08:38:21,200,$0 to < $1,2,4,Ms Vickies Jalapeno Chips,3,Salty,b432b213-2299-4469-b311-259d206a7067,180,2,night,availability
ids-23,2023-08-17 08:38:10,300,$3 to < $7,5,8,Costco Croissant ,6,Salty,1388bdf4-c177-4ed7-a0b3-bfe9206a7067,330,5,afternoon,availability
ids-28,2023-08-17 08:37:11,280,$3 to < $7,3,3,Tuna Sandwich,19,Salty,SKIPPED,558.75,6,evening,availability
ids-18,2023-08-17 08:37:01,140,$3 to < $7,2,13,lornadoone shortbread cookies ,1,Sweet,SKIPPED,150,5,evening,hungry/thirsty
ids-13,2023-08-17 08:36:58,105,$0 to < $1,5,1,a banana  ,1.3,Sweet,SKIPPED,0,0,afternoon,energy
ids-32,2023-08-17 08:36:43,230,$3 to < $7,4,24,King energy Chocolate Chunk,10,Sweet,cd71eabd-f186-4532-a694-87db206a7067,160,13,evening,energy
ids-24,2023-08-17 08:35:38,369,$1 to < $3,2,9,Beef Jerky ,30,Sweet,SKIPPED,1870,8,evening,craving
ids-20,2023-08-16 09:07:58,80,$3 to < $7,2,20,Welch's Fruit Snacks,1,Sweet,SKIPPED,10,12,night,craving
ids-30,2023-08-16 09:05:51,100,$1 to < $3,3,13,Snyder's mini pretzels ,2,Salty,SKIPPED,220,1,evening,hungry/thirsty
ids-33,2023-08-16 09:05:46,16,$3 to < $7,3,16,ritz crackers,0.2,Salty,f64ba48f-632a-47d3-928d-fbf0206a7067,29,0.3,evening,hungry/thirsty
ids-3,2023-08-16 09:04:51,25,$1 to < $3,4,9,strawberry banna baby food ,0,Sweet,SKIPPED,0,1,morning,craving
ids-16,2023-08-16 09:04:26,150,$1 to < $3,2,27,fruit loops,2,Sweet,SKIPPED,210,12,evening,other
ids-27,2023-08-16 09:04:11,120,$3 to < $7,1,6,mini churros ,4,Sweet,5289e815-97b0-443e-99a7-d410206a7067,227,12,afternoon,craving
ids-32,2023-08-16 09:04:09,140,$1 to < $3,2,6,Coca cola glass bottle 12 oz,0,Sweet,8bd0930c-dcda-4602-a431-d297206a7067,43,39,evening,hungry/thirsty
ids-10,2023-08-16 09:04:09,70,$1 to < $3,2,21,Welch's fruit snacks ,1,Sweet,SKIPPED,20,10,evening,craving
ids-4,2023-08-16 09:04:09,190,$0 to < $1,2,20,M&Ms,2,Sweet,4a3976e9-f8ad-4fce-9ab8-4d70206a7067,105,16,evening,energy
ids-13,2023-08-16 09:04:05,80,$0 to < $1,2,20,a mini Hershey's bar,0,Sweet,SKIPPED,5,9,evening,craving
ids-31,2023-08-16 09:04:05,250,$1 to < $3,2,17,Skittles ,0,Sweet,00bdcd17-6ee6-48e6-9da4-064a206a7067,10,45,evening,availability
ids-28,2023-08-16 09:03:58,100,$1 to < $3,3,16,"Chewy Granola Bar, Chocolate Chips",1,Sweet,SKIPPED,70,7,afternoon,availability
ids-11,2023-08-16 09:03:51,100,$1 to < $3,4,5,Nature valley granola bar,7,Sweet,4774d09a-4605-434d-bd66-c1b7206a7067,70,6,morning,availability
ids-26,2023-08-16 09:03:18,100,$0 to < $1,3,7,chewy granola bar ,1,Sweet,SKIPPED,59,5,evening,hungry/thirsty
ids-7,2023-08-16 09:03:07,90,$3 to < $7,4,21,Welch's fruit snacks,1,Sweet,54be3b61-bae2-49b4-8321-1104206a7067,25,13,afternoon,availability
ids-22,2023-08-16 09:02:51,50,$1 to < $3,2,8,fruit roll ups,0,Sweet,SKIPPED,50,7,evening,craving
ids-20,2023-08-16 09:02:50,290,$7 or more,1,35,Maruchan Noodles.,6,Salty,SKIPPED,1180,2,afternoon,hungry/thirsty
ids-23,2023-08-16 09:02:36,210,$1 to < $3,4,18,Hershey ,4,Sweet,3ab8ef20-0043-4f87-9958-3f47206a7067,30,20,evening,craving
ids-25,2023-08-16 09:02:20,150,$1 to < $3,2,14,hot fries ,2,Salty,SKIPPED,280,1,afternoon,craving
ids-2,2023-08-16 09:02:09,150,$3 to < $7,2,10,Doritos: flamin hot Limon,2,Salty,SKIPPED,190,1,morning,hungry/thirsty
ids-14,2023-08-16 09:01:52,150,$3 to < $7,4,32,cheeze it,3,Salty,SKIPPED,230,0,afternoon,availability
ids-37,2023-08-16 09:01:52,80,$3 to < $7,2,17,Fruit by the foot,0,Sweet,c2cfb9a7-356f-48a7-9ecd-4949206a7067,50,10,morning,craving
ids-29,2023-08-16 09:01:46,150,$1 to < $3,5,21,protien shake fair life ,30,Sweet,ba7f1cd2-339e-46a2-8488-edc0206a7067,230,2,afternoon,energy
ids-12,2023-08-16 09:01:11,124,$1 to < $3,5,5,Fruit salad ,1.3,Sweet,cb5be107-b32e-4b40-b70e-853b206a7067,2.7,16,afternoon,availability
ids-17,2023-08-16 09:00:51,106,$3 to < $7,2,3,popcorn ,3.1,Salty,SKIPPED,290,0.3,evening,hungry/thirsty
ids-24,2023-08-16 09:00:49,82,$3 to < $7,5,7,Pineapple ,0.89,Sweet,SKIPPED,0,16,night,craving
ids-3,2023-08-16 09:00:42,148,$1 to < $3,3,5,cookies ,0,Sweet,SKIPPED,93,9.9,afternoon,craving
ids-27,2023-08-16 09:00:25,70,$1 to < $3,1,17,chips,1,Salty,33a51607-b7f6-47ba-859d-eff8206a7067,260,0,afternoon,hungry/thirsty
ids-2,2023-08-16 09:00:11,40,$3 to < $7,4,8,strawberry apple baby puffs,0,Salty,SKIPPED,0,1,evening,craving
ids-7,2023-08-16 09:00:01,300,$3 to < $7,3,25,Oatmeal cream pies,3,Sweet,ba0d0d61-e31b-4f52-b588-8ee1206a7067,310,26,morning,craving
ids-32,2023-08-16 09:00:00,140,$3 to < $7,4,8,Mission tortilla chips strips ,2,Salty,a6b4eb91-9a46-41dd-9cb0-ce0b206a7067,90,0,night,availability
ids-21,2023-08-16 08:59:59,178,$1 to < $3,3,12,Tortrix Corn Chips(Lime Flavor),2,Salty,SKIPPED,220,0,afternoon,craving
ids-29,2023-08-16 08:58:46,40,$3 to < $7,5,25,met-rx protein  bar ,32,Sweet,445c50e9-84a6-480b-9fb3-813d206a7067,320,27,afternoon,energy
ids-34,2023-08-16 08:58:32,300,$7 or more,3,30,Grape/Strawberry Uncrushable,9,Sweet,ec615eba-89a6-45ca-8e25-3efc206a7067,280,14,morning,hungry/thirsty
ids-19,2023-08-16 08:57:34,80,$7 or more,4,18,fruit snacks ,0,Sweet,SKIPPED,20,11,morning,emotional
ids-22,2023-08-16 08:57:15,80,$3 to < $7,3,9,Mott's fruits snack,0,Sweet,SKIPPED,35,9,afternoon,hungry/thirsty
ids-18,2023-08-16 08:56:28,90,$7 or more,3,22,Chewy Quakers ,1,Salty,SKIPPED,80,7,evening,craving
ids-28,2023-08-16 08:56:24,156,$1 to < $3,1,18,Takis,2.2,Salty,SKIPPED,207,0.8,evening,availability
ids-15,2023-08-16 08:55:11,170,$1 to < $3,1,10,Hot Cheetos,1,Salty,08ad7e1d-0b59-4a68-a5b7-91e5206a7067,250,0,night,craving
ids-24,2023-08-16 08:54:49,110,$1 to < $3,5,6,Banana ,1,Sweet,SKIPPED,0,15,afternoon,availability
ids-36,2023-08-15 13:57:51,250,$1 to < $3,3,7,skittles,0,Sweet,SKIPPED,10,45,evening,craving
ids-36,2023-08-15 13:49:39,250,$1 to < $3,3,9,skittles,0,Sweet,SKIPPED,10,45,evening,craving
ids-12,2023-08-15 09:24:21,220,$1 to < $3,1,38,maruchan  shrimp cup noodles ,5,Salty,0e77801a-98a4-417e-8baa-550d206a7067,1000,4,night,hungry/thirsty
ids-35,2023-08-15 09:23:21,70,$1 to < $3,2,3,fruit snack,0,Sweet,SKIPPED,20,10,afternoon,availability
ids-33,2023-08-15 09:21:21,150,$3 to < $7,2,12,bag of chips,2,Salty,85a5e87f-4517-4f7e-9f74-3d1d206a7067,210,1,afternoon,hungry/thirsty
ids-4,2023-08-15 09:19:57,290,$1 to < $3,4,15,protein bar ,20,Sweet,c72095b0-aa1f-4ac4-b270-bf56206a7067,95,2,morning,energy
ids-25,2023-08-15 09:19:37,202,$3 to < $7,5,1,mango ,3,Sweet,4a9a3e66-e5c3-47e7-9ac9-c0d4206a7067,1,45,evening,hungry/thirsty
ids-31,2023-08-15 09:19:35,170,$1 to < $3,2,34,Pop Tart ,2,Sweet,b725654a-167d-4771-ab5e-6edd206a7067,115,14,evening,availability
ids-23,2023-08-15 09:19:22,190,$3 to < $7,3,9,Nature Valley Original Granola Bar ,1,Sweet,843a82dd-79f6-4e82-abad-20ae206a7067,140,11,morning,availability
ids-14,2023-08-15 09:19:05,140,$1 to < $3,2,34,Nacho Cheese doritos,2,Salty,SKIPPED,200,2,afternoon,availability
ids-2,2023-08-15 09:18:46,30,$3 to < $7,3,6,Olive Garden Seasoned Croutons,1,Salty,SKIPPED,80,0,afternoon,craving
ids-10,2023-08-15 09:18:42,140,$3 to < $7,3,12,Roasted and Salted Trail Mix,5,Salty,SKIPPED,40,6,evening,hungry/thirsty
ids-16,2023-08-15 09:18:42,250,$1 to < $3,2,2,chocolate chip clif bar,10,Sweet,SKIPPED,140,21,afternoon,energy
ids-22,2023-08-15 09:18:39,90,$3 to < $7,4,12,Welch's fruit snack,1,Sweet,SKIPPED,25,13,afternoon,craving
ids-3,2023-08-15 09:18:39,744,$7 or more,4,6,empanada,25,Salty,SKIPPED,977,4.1,evening,hungry/thirsty
ids-27,2023-08-15 09:18:39,300,$3 to < $7,2,12,chocolate croissant ,5,Sweet,SKIPPED,300,11,morning,hungry/thirsty
ids-28,2023-08-15 09:18:39,251,$1 to < $3,2,10,Skittles,0.1,Sweet,SKIPPED,9.3,47,evening,hungry/thirsty
ids-20,2023-08-15 09:18:36,170,$3 to < $7,1,34,Frosted Strawberry Poptart.,2,Sweet,SKIPPED,115,14,afternoon,hungry/thirsty
ids-26,2023-08-15 09:18:34,100,$0 to < $1,3,7,chewy granola bar.,1,Sweet,SKIPPED,50,5,afternoon,hungry/thirsty
ids-24,2023-08-15 09:18:33,32,$3 to < $7,5,7,Strawberry ,0.7,Sweet,SKIPPED,0,4.9,evening,craving
ids-29,2023-08-15 09:18:33,45,$3 to < $7,5,25,MET-Rx protein bar ,32,Sweet,1d5a0af1-122d-40d1-bf81-3dbf206a7067,320,27,afternoon,energy
ids-32,2023-08-15 09:18:33,100,$1 to < $3,2,39,Reese's Take 5 ,2,Sweet,abed11e7-a001-4213-9157-e02a206a7067,105,9,evening,availability
ids-13,2023-08-15 09:18:32,95,$0 to < $1,5,1,green apple,0.5,Sweet,SKIPPED,0,10,morning,hungry/thirsty
ids-7,2023-08-15 09:18:32,60,$1 to < $3,1,6,Lifesaver,0,Sweet,49b58ef2-a500-4fbc-b356-586a206a7067,0,12,evening,craving
ids-21,2023-08-15 09:18:32,100,$1 to < $3,3,14,Haribo Gummy Bears,2,Salty,SKIPPED,5,14,evening,craving
ids-8,2023-08-15 09:18:31,117,$1 to < $3,4,14,GranolaBar,1.6,Sweet,SKIPPED,70,8.1,afternoon,energy
ids-11,2023-08-15 09:18:03,110,$1 to < $3,3,8,yogurt,11,Sweet,82327721-df5d-4798-a1cb-390e206a7067,65,13,morning,availability
ids-19,2023-08-15 09:16:07,52,$3 to < $7,3,23,gold fish,1.8,Salty,SKIPPED,159,2,evening,availability
ids-18,2023-08-15 09:15:11,90,$7 or more,4,10,Welch's fruit snack ,1,Sweet,SKIPPED,10,12,evening,availability
ids-5,2023-08-15 09:13:53,170,$3 to < $7,1,23,Hot Cheetos,1,Salty,SKIPPED,250,0,evening,craving
ids-9,2023-08-15 09:12:28,131,$0 to < $1,5,3,banana,1.6,Sweet,SKIPPED,1.5,18,morning,energy
