acronym,id,name,structure_id_path,parent_structure_id,color_hex_code
VI,653,Abducens nucleus,/997/8/343/1065/354/370/653/,370,#FFB3D9
ACVII,576,Accessory facial motor nucleus,/997/8/343/1065/354/370/576/,370,#FFB3D9
AOB,151,Accessory olfactory bulb,/997/8/567/688/695/698/151/,698,#9DF0D2
AOBgl,188,"Accessory olfactory bulb, glomerular layer",/997/8/567/688/695/698/151/188/,151,#9DF0D2
AOBgr,196,"Accessory olfactory bulb, granular layer",/997/8/567/688/695/698/151/196/,151,#95E4C8
AOBmi,204,"Accessory olfactory bulb, mitral layer",/997/8/567/688/695/698/151/204/,151,#9DF0D2
ASO,332,Accessory supraoptic group,/997/8/343/1129/1097/157/332/,157,#FF5D50
Acs5,549009219,Accessory trigeminal nucleus,/997/8/343/1065/771/987/549009219/,987,#FFBA86
AI,95,Agranular insular area,/997/8/567/688/695/315/95/,315,#219866
AId,104,"Agranular insular area, dorsal part",/997/8/567/688/695/315/95/104/,95,#219866
AId1,996,"Agranular insular area, dorsal part, layer 1",/997/8/567/688/695/315/95/104/996/,104,#219866
AId2/3,328,"Agranular insular area, dorsal part, layer 2/3",/997/8/567/688/695/315/95/104/328/,104,#219866
AId5,1101,"Agranular insular area, dorsal part, layer 5",/997/8/567/688/695/315/95/104/1101/,104,#219866
AId6a,783,"Agranular insular area, dorsal part, layer 6a",/997/8/567/688/695/315/95/104/783/,104,#219866
AId6b,831,"Agranular insular area, dorsal part, layer 6b",/997/8/567/688/695/315/95/104/831/,104,#219866
AIp,111,"Agranular insular area, posterior part",/997/8/567/688/695/315/95/111/,95,#219866
AIp1,120,"Agranular insular area, posterior part, layer 1",/997/8/567/688/695/315/95/111/120/,111,#219866
AIp2/3,163,"Agranular insular area, posterior part, layer 2/3",/997/8/567/688/695/315/95/111/163/,111,#219866
AIp5,344,"Agranular insular area, posterior part, layer 5",/997/8/567/688/695/315/95/111/344/,111,#219866
AIp6a,314,"Agranular insular area, posterior part, layer 6a",/997/8/567/688/695/315/95/111/314/,111,#219866
AIp6b,355,"Agranular insular area, posterior part, layer 6b",/997/8/567/688/695/315/95/111/355/,111,#219866
AIv,119,"Agranular insular area, ventral part",/997/8/567/688/695/315/95/119/,95,#219866
AIv1,704,"Agranular insular area, ventral part, layer 1",/997/8/567/688/695/315/95/119/704/,119,#219866
AIv2/3,694,"Agranular insular area, ventral part, layer 2/3",/997/8/567/688/695/315/95/119/694/,119,#219866
AIv5,800,"Agranular insular area, ventral part, layer 5",/997/8/567/688/695/315/95/119/800/,119,#219866
AIv6a,675,"Agranular insular area, ventral part, layer 6a",/997/8/567/688/695/315/95/119/675/,119,#219866
AIv6b,699,"Agranular insular area, ventral part, layer 6b",/997/8/567/688/695/315/95/119/699/,119,#219866
CA,375,Ammon's horn,/997/8/567/688/695/1089/1080/375/,1080,#7ED04B
AN,1017,Ansiform lobule,/997/8/512/528/1073/1017/,1073,#FFFC91
AAA,23,Anterior amygdalar area,/997/8/567/623/477/278/23/,278,#80C0E2
VISa,312782546,Anterior area,/997/8/567/688/695/315/22/312782546/,22,#009FAC
VISa1,312782550,"Anterior area, layer 1",/997/8/567/688/695/315/22/312782546/312782550/,312782546,#009FAC
VISa2/3,312782554,"Anterior area, layer 2/3",/997/8/567/688/695/315/22/312782546/312782554/,312782546,#009FAC
VISa4,312782558,"Anterior area, layer 4",/997/8/567/688/695/315/22/312782546/312782558/,312782546,#009FAC
VISa5,312782562,"Anterior area, layer 5",/997/8/567/688/695/315/22/312782546/312782562/,312782546,#009FAC
VISa6a,312782566,"Anterior area, layer 6a",/997/8/567/688/695/315/22/312782546/312782566/,312782546,#009FAC
VISa6b,312782570,"Anterior area, layer 6b",/997/8/567/688/695/315/22/312782546/312782570/,312782546,#009FAC
ACA,31,Anterior cingulate area,/997/8/567/688/695/315/31/,315,#40A666
ACAd,39,"Anterior cingulate area, dorsal part",/997/8/567/688/695/315/31/39/,31,#40A666
ACAd1,935,"Anterior cingulate area, dorsal part, layer 1",/997/8/567/688/695/315/31/39/935/,39,#40A666
ACAd2/3,211,"Anterior cingulate area, dorsal part, layer 2/3",/997/8/567/688/695/315/31/39/211/,39,#40A666
ACAd5,1015,"Anterior cingulate area, dorsal part, layer 5",/997/8/567/688/695/315/31/39/1015/,39,#40A666
ACAd6a,919,"Anterior cingulate area, dorsal part, layer 6a",/997/8/567/688/695/315/31/39/919/,39,#40A666
ACAd6b,927,"Anterior cingulate area, dorsal part, layer 6b",/997/8/567/688/695/315/31/39/927/,39,#40A666
ACAv,48,"Anterior cingulate area, ventral part",/997/8/567/688/695/315/31/48/,31,#40A666
ACAv6a,810,"Anterior cingulate area, ventral part, 6a",/997/8/567/688/695/315/31/48/810/,48,#40A666
ACAv6b,819,"Anterior cingulate area, ventral part, 6b",/997/8/567/688/695/315/31/48/819/,48,#40A666
ACAv1,588,"Anterior cingulate area, ventral part, layer 1",/997/8/567/688/695/315/31/48/588/,48,#40A666
ACAv2/3,296,"Anterior cingulate area, ventral part, layer 2/3",/997/8/567/688/695/315/31/48/296/,48,#40A666
ACAv5,772,"Anterior cingulate area, ventral part, layer 5",/997/8/567/688/695/315/31/48/772/,48,#40A666
ATN,239,Anterior group of the dorsal thalamus,/997/8/343/1129/549/856/239/,856,#FF909F
AHN,88,Anterior hypothalamic nucleus,/997/8/343/1129/1097/467/88/,467,#FF4C3E
AON,159,Anterior olfactory nucleus,/997/8/567/688/695/698/159/,698,#54BF94
APN,215,Anterior pretectal nucleus,/997/8/343/313/323/1100/215/,1100,#FF90FF
AT,231,Anterior tegmental nucleus,/997/8/343/313/323/231/,323,#FF90FF
AD,64,Anterodorsal nucleus,/997/8/343/1129/549/856/239/64/,239,#FF909F
ADP,72,Anterodorsal preoptic nucleus,/997/8/343/1129/1097/141/72/,141,#FF5547
VISal,402,Anterolateral visual area,/997/8/567/688/695/315/669/402/,669,#08858C
VISal1,1074,"Anterolateral visual area, layer 1",/997/8/567/688/695/315/669/402/1074/,402,#08858C
VISal2/3,905,"Anterolateral visual area, layer 2/3",/997/8/567/688/695/315/669/402/905/,402,#08858C
VISal4,1114,"Anterolateral visual area, layer 4",/997/8/567/688/695/315/669/402/1114/,402,#08858C
VISal5,233,"Anterolateral visual area, layer 5",/997/8/567/688/695/315/669/402/233/,402,#08858C
VISal6a,601,"Anterolateral visual area, layer 6a",/997/8/567/688/695/315/669/402/601/,402,#08858C
VISal6b,649,"Anterolateral visual area, layer 6b",/997/8/567/688/695/315/669/402/649/,402,#08858C
AM,127,Anteromedial nucleus,/997/8/343/1129/549/856/239/127/,239,#FF909F
AMd,1096,"Anteromedial nucleus, dorsal part",/997/8/343/1129/549/856/239/127/1096/,127,#FF909F
AMv,1104,"Anteromedial nucleus, ventral part",/997/8/343/1129/549/856/239/127/1104/,127,#FF909F
VISam,394,Anteromedial visual area,/997/8/567/688/695/315/669/394/,669,#08858C
VISam1,281,"Anteromedial visual area, layer 1",/997/8/567/688/695/315/669/394/281/,394,#08858C
VISam2/3,1066,"Anteromedial visual area, layer 2/3",/997/8/567/688/695/315/669/394/1066/,394,#08858C
VISam4,401,"Anteromedial visual area, layer 4",/997/8/567/688/695/315/669/394/401/,394,#08858C
VISam5,433,"Anteromedial visual area, layer 5",/997/8/567/688/695/315/669/394/433/,394,#08858C
VISam6a,1046,"Anteromedial visual area, layer 6a",/997/8/567/688/695/315/669/394/1046/,394,#08858C
VISam6b,441,"Anteromedial visual area, layer 6b",/997/8/567/688/695/315/669/394/441/,394,#08858C
AV,255,Anteroventral nucleus of thalamus,/997/8/343/1129/549/856/239/255/,239,#FF909F
AVPV,272,Anteroventral periventricular nucleus,/997/8/343/1129/1097/141/272/,141,#FF5547
AVP,263,Anteroventral preoptic nucleus,/997/8/343/1129/1097/141/263/,141,#FF5547
ARH,223,Arcuate hypothalamic nucleus,/997/8/343/1129/1097/157/223/,157,#FF5D50
AP,207,Area postrema,/997/8/343/1065/354/386/207/,386,#FFA5D2
APr,484682508,Area prostriata,/997/8/567/688/695/1089/822/484682508/,822,#33B932
AUD,247,Auditory areas,/997/8/567/688/695/315/247/,315,#019399
B,280,Barrington's nucleus,/997/8/343/1065/771/987/280/,987,#FFBA86
grey,8,Basic cell groups and regions,/997/8/,997,#BFDAE3
BLA,295,Basolateral amygdalar nucleus,/997/8/567/688/703/295/,703,#9DE79C
BLAa,303,"Basolateral amygdalar nucleus, anterior part",/997/8/567/688/703/295/303/,295,#9DE79C
BLAp,311,"Basolateral amygdalar nucleus, posterior part",/997/8/567/688/703/295/311/,295,#9DE79C
BLAv,451,"Basolateral amygdalar nucleus, ventral part",/997/8/567/688/703/295/451/,295,#9DE79C
BMA,319,Basomedial amygdalar nucleus,/997/8/567/688/703/319/,703,#84EA81
BMAa,327,"Basomedial amygdalar nucleus, anterior part",/997/8/567/688/703/319/327/,319,#84EA81
BMAp,334,"Basomedial amygdalar nucleus, posterior part",/997/8/567/688/703/319/334/,319,#84EA81
BST,351,Bed nuclei of the stria terminalis,/997/8/567/623/803/809/351/,809,#B3C0DF
BA,292,Bed nucleus of the accessory olfactory tract,/997/8/567/623/477/278/292/,278,#80C0E2
BAC,287,Bed nucleus of the anterior commissure,/997/8/567/623/803/809/287/,809,#B3C0DF
BS,343,Brain stem,/997/8/343/,8,#FF7080
CP,672,Caudoputamen,/997/8/567/623/477/485/672/,485,#98D6F9
CEA,536,Central amygdalar nucleus,/997/8/567/623/477/278/536/,278,#80C0E2
CEAc,544,"Central amygdalar nucleus, capsular part",/997/8/567/623/477/278/536/544/,536,#80C0E2
CEAl,551,"Central amygdalar nucleus, lateral part",/997/8/567/623/477/278/536/551/,536,#80C0E2
CEAm,559,"Central amygdalar nucleus, medial part",/997/8/567/623/477/278/536/559/,536,#80C0E2
CL,575,Central lateral nucleus of the thalamus,/997/8/343/1129/549/856/51/575/,51,#FF909F
CLI,591,Central linear nucleus raphe,/997/8/343/313/348/165/591/,165,#FFA6FF
CENT,920,Central lobule,/997/8/512/528/645/920/,645,#FFFC91
CM,599,Central medial nucleus of the thalamus,/997/8/343/1129/549/856/51/599/,51,#FF909F
CBX,528,Cerebellar cortex,/997/8/512/528/,512,#F0F080
CBN,519,Cerebellar nuclei,/997/8/512/519/,512,#F0F080
CB,512,Cerebellum,/997/8/512/,8,#F0F080
CTX,688,Cerebral cortex,/997/8/567/688/,567,#B0FFB8
CNU,623,Cerebral nuclei,/997/8/567/623/,567,#98D6F9
CH,567,Cerebrum,/997/8/567/,8,#B0F0FF
CLA,583,Claustrum,/997/8/567/688/703/583/,703,#8ADA87
CN,607,Cochlear nuclei,/997/8/343/1065/354/386/607/,386,#FFA5D2
COPY,1033,Copula pyramidis,/997/8/512/528/1073/1033/,1073,#FFFC91
COA,631,Cortical amygdalar area,/997/8/567/688/695/698/631/,698,#61E7B7
COAa,639,"Cortical amygdalar area, anterior part",/997/8/567/688/695/698/631/639/,631,#61E7B7
COAp,647,"Cortical amygdalar area, posterior part",/997/8/567/688/695/698/631/647/,631,#61E7B7
COApl,655,"Cortical amygdalar area, posterior part, lateral zone",/997/8/567/688/695/698/631/647/655/,647,#61E7B7
COApm,663,"Cortical amygdalar area, posterior part, medial zone",/997/8/567/688/695/698/631/647/663/,647,#61E7B7
CTXpl,695,Cortical plate,/997/8/567/688/695/,688,#70FF70
CTXsp,703,Cortical subplate,/997/8/567/688/703/,688,#8ADA87
ANcr1,1056,Crus 1,/997/8/512/528/1073/1017/1056/,1017,#FFFC91
ANcr2,1064,Crus 2,/997/8/512/528/1073/1017/1064/,1017,#FFFC91
CUL,928,Culmen,/997/8/512/528/645/928/,645,#FFFC91
CU,711,Cuneate nucleus,/997/8/343/1065/354/386/720/711/,720,#FFA5D2
CUN,616,Cuneiform nucleus,/997/8/343/313/323/616/,323,#FF90FF
DEC,936,Declive (VI),/997/8/512/528/645/936/,645,#FFFC91
DG,726,Dentate gyrus,/997/8/567/688/695/1089/1080/726/,1080,#7ED04B
DG-sg,632,"Dentate gyrus, granule cell layer",/997/8/567/688/695/1089/1080/726/632/,726,#66A83D
DG-mo,10703,"Dentate gyrus, molecular layer",/997/8/567/688/695/1089/1080/726/10703/,726,#7ED04B
DG-po,10704,"Dentate gyrus, polymorph layer",/997/8/567/688/695/1089/1080/726/10704/,726,#7ED04B
DN,846,Dentate nucleus,/997/8/512/519/846/,519,#FFFDBC
NDB,596,Diagonal band nucleus,/997/8/567/623/803/826/904/596/,904,#96A7D3
AUDd,1011,Dorsal auditory area,/997/8/567/688/695/315/247/1011/,247,#019399
AUDd1,527,"Dorsal auditory area, layer 1",/997/8/567/688/695/315/247/1011/527/,1011,#019399
AUDd2/3,600,"Dorsal auditory area, layer 2/3",/997/8/567/688/695/315/247/1011/600/,1011,#019399
AUDd4,678,"Dorsal auditory area, layer 4",/997/8/567/688/695/315/247/1011/678/,1011,#019399
AUDd5,252,"Dorsal auditory area, layer 5",/997/8/567/688/695/315/247/1011/252/,1011,#019399
AUDd6a,156,"Dorsal auditory area, layer 6a",/997/8/567/688/695/315/247/1011/156/,1011,#019399
AUDd6b,243,"Dorsal auditory area, layer 6b",/997/8/567/688/695/315/247/1011/243/,1011,#019399
DCO,96,Dorsal cochlear nucleus,/997/8/343/1065/354/386/607/96/,607,#FFA5D2
DCN,720,Dorsal column nuclei,/997/8/343/1065/354/386/720/,386,#FFA5D2
DMX,839,Dorsal motor nucleus of the vagus nerve,/997/8/343/1065/354/370/839/,370,#FFB3D9
DR,872,Dorsal nucleus raphe,/997/8/343/313/348/165/872/,165,#FFA6FF
LGd,170,Dorsal part of the lateral geniculate complex,/997/8/343/1129/549/864/1008/170/,1008,#FF8084
LGd-co,496345668,"Dorsal part of the lateral geniculate complex, core",/997/8/343/1129/549/864/1008/170/496345668/,170,#FF8084
LGd-ip,496345672,"Dorsal part of the lateral geniculate complex, ipsilateral zone",/997/8/343/1129/549/864/1008/170/496345672/,170,#FF8084
LGd-sh,496345664,"Dorsal part of the lateral geniculate complex, shell",/997/8/343/1129/549/864/1008/170/496345664/,170,#FF8084
DP,814,Dorsal peduncular area,/997/8/567/688/695/698/814/,698,#A4DAA4
PMd,980,Dorsal premammillary nucleus,/997/8/343/1129/1097/467/980/,467,#FF4C3E
DTN,880,Dorsal tegmental nucleus,/997/8/343/1065/771/987/880/,987,#FFBA86
DT,75,Dorsal terminal nucleus of the accessory optic tract,/997/8/343/313/323/75/,323,#FF90FF
DMH,830,Dorsomedial nucleus of the hypothalamus,/997/8/343/1129/1097/141/830/,141,#FF5547
ECT,895,Ectorhinal area,/997/8/567/688/695/315/895/,315,#0D9F91
ECT1,836,Ectorhinal area/Layer 1,/997/8/567/688/695/315/895/836/,895,#0D9F91
ECT2/3,427,Ectorhinal area/Layer 2/3,/997/8/567/688/695/315/895/427/,895,#0D9F91
ECT5,988,Ectorhinal area/Layer 5,/997/8/567/688/695/315/895/988/,895,#0D9F91
ECT6a,977,Ectorhinal area/Layer 6a,/997/8/567/688/695/315/895/977/,895,#0D9F91
ECT6b,1045,Ectorhinal area/Layer 6b,/997/8/567/688/695/315/895/1045/,895,#0D9F91
EW,975,Edinger-Westphal nucleus,/997/8/343/313/323/975/,323,#FF90FF
EP,942,Endopiriform nucleus,/997/8/567/688/703/942/,703,#A0EE9D
EPd,952,"Endopiriform nucleus, dorsal part",/997/8/567/688/703/942/952/,942,#A0EE9D
EPv,966,"Endopiriform nucleus, ventral part",/997/8/567/688/703/942/966/,942,#A0EE9D
ENT,909,Entorhinal area,/997/8/567/688/695/1089/822/909/,822,#32B825
ENTl,918,"Entorhinal area, lateral part",/997/8/567/688/695/1089/822/909/918/,909,#32B825
ENTl1,1121,"Entorhinal area, lateral part, layer 1",/997/8/567/688/695/1089/822/909/918/1121/,918,#32B825
ENTl2,20,"Entorhinal area, lateral part, layer 2",/997/8/567/688/695/1089/822/909/918/20/,918,#32B825
ENTl3,52,"Entorhinal area, lateral part, layer 3",/997/8/567/688/695/1089/822/909/918/52/,918,#32B825
ENTl5,139,"Entorhinal area, lateral part, layer 5",/997/8/567/688/695/1089/822/909/918/139/,918,#32B825
ENTl6a,28,"Entorhinal area, lateral part, layer 6a",/997/8/567/688/695/1089/822/909/918/28/,918,#32B825
ENTm,926,"Entorhinal area, medial part, dorsal zone",/997/8/567/688/695/1089/822/909/926/,909,#32B825
ENTm1,526,"Entorhinal area, medial part, dorsal zone, layer 1",/997/8/567/688/695/1089/822/909/926/526/,926,#32B825
ENTm2,543,"Entorhinal area, medial part, dorsal zone, layer 2",/997/8/567/688/695/1089/822/909/926/543/,926,#32B825
ENTm3,664,"Entorhinal area, medial part, dorsal zone, layer 3",/997/8/567/688/695/1089/822/909/926/664/,926,#32B825
ENTm5,727,"Entorhinal area, medial part, dorsal zone, layer 5",/997/8/567/688/695/1089/822/909/926/727/,926,#32B825
ENTm6,743,"Entorhinal area, medial part, dorsal zone, layer 6",/997/8/567/688/695/1089/822/909/926/743/,926,#32B825
EPI,958,Epithalamus,/997/8/343/1129/549/856/958/,856,#FF909F
Eth,560581551,Ethmoid nucleus of the thalamus,/997/8/343/1129/549/856/138/560581551/,138,#FF909F
ECU,903,External cuneate nucleus,/997/8/343/1065/354/386/903/,386,#FFA5D2
VII,661,Facial motor nucleus,/997/8/343/1065/354/370/661/,370,#FFB3D9
FC,982,Fasciola cinerea,/997/8/567/688/695/1089/1080/982/,1080,#7ED04B
FN,989,Fastigial nucleus,/997/8/512/519/989/,519,#FFFDBC
CA1,382,Field CA1,/997/8/567/688/695/1089/1080/375/382/,375,#7ED04B
CA2,423,Field CA2,/997/8/567/688/695/1089/1080/375/423/,375,#7ED04B
CA3,463,Field CA3,/997/8/567/688/695/1089/1080/375/463/,375,#7ED04B
FF,804,Fields of Forel,/997/8/343/1129/1097/290/797/804/,797,#F2483B
FL,1049,Flocculus,/997/8/512/528/1073/1049/,1073,#FFFC91
FOTU,944,Folium-tuber vermis (VII),/997/8/512/528/645/944/,645,#FFFC91
FRP,184,"Frontal pole, cerebral cortex",/997/8/567/688/695/315/184/,315,#268F45
FRP1,68,"Frontal pole, layer 1",/997/8/567/688/695/315/184/68/,184,#268F45
FRP2/3,667,"Frontal pole, layer 2/3",/997/8/567/688/695/315/184/667/,184,#268F45
FRP5,526157192,"Frontal pole, layer 5",/997/8/567/688/695/315/184/526157192/,184,#268F45
FRP6a,526157196,"Frontal pole, layer 6a",/997/8/567/688/695/315/184/526157196/,184,#268F45
FRP6b,526322264,"Frontal pole, layer 6b",/997/8/567/688/695/315/184/526322264/,184,#268F45
FS,998,Fundus of striatum,/997/8/567/623/477/493/998/,493,#80CDF8
GENd,1008,"Geniculate group, dorsal thalamus",/997/8/343/1129/549/864/1008/,864,#FF8084
GENv,1014,"Geniculate group, ventral thalamus",/997/8/343/1129/549/856/1014/,856,#FF909F
GRN,1048,Gigantocellular reticular nucleus,/997/8/343/1065/354/370/1048/,370,#FFB3D9
GPe,1022,"Globus pallidus, external segment",/997/8/567/623/803/818/1022/,818,#8599CC
GPi,1031,"Globus pallidus, internal segment",/997/8/567/623/803/818/1031/,818,#8599CC
GR,1039,Gracile nucleus,/997/8/343/1065/354/386/720/1039/,720,#FFA5D2
GU,1057,Gustatory areas,/997/8/567/688/695/315/1057/,315,#009C75
GU1,36,"Gustatory areas, layer 1",/997/8/567/688/695/315/1057/36/,1057,#009C75
GU2/3,180,"Gustatory areas, layer 2/3",/997/8/567/688/695/315/1057/180/,1057,#009C75
GU4,148,"Gustatory areas, layer 4",/997/8/567/688/695/315/1057/148/,1057,#009C75
GU5,187,"Gustatory areas, layer 5",/997/8/567/688/695/315/1057/187/,1057,#009C75
GU6a,638,"Gustatory areas, layer 6a",/997/8/567/688/695/315/1057/638/,1057,#009C75
GU6b,662,"Gustatory areas, layer 6b",/997/8/567/688/695/315/1057/662/,1057,#009C75
HEM,1073,Hemispheric regions,/997/8/512/528/1073/,528,#FFFC91
HB,1065,Hindbrain,/997/8/343/1065/,343,#FF9B88
HPF,1089,Hippocampal formation,/997/8/567/688/695/1089/,695,#7ED04B
HIP,1080,Hippocampal region,/997/8/567/688/695/1089/1080/,1089,#7ED04B
HATA,589508447,Hippocampo-amygdalar transition area,/997/8/567/688/695/1089/822/589508447/,822,#33B932
XII,773,Hypoglossal nucleus,/997/8/343/1065/354/370/773/,370,#FFB3D9
LZ,290,Hypothalamic lateral zone,/997/8/343/1129/1097/290/,1097,#F2483B
MEZ,467,Hypothalamic medial zone,/997/8/343/1129/1097/467/,1097,#FF4C3E
HY,1097,Hypothalamus,/997/8/343/1129/1097/,1129,#E64438
IG,19,Induseum griseum,/997/8/567/688/695/1089/1080/19/,1080,#7ED04B
IC,4,Inferior colliculus,/997/8/343/313/339/4/,339,#FF7AFF
ICc,811,"Inferior colliculus, central nucleus",/997/8/343/313/339/4/811/,4,#FF7AFF
ICd,820,"Inferior colliculus, dorsal nucleus",/997/8/343/313/339/4/820/,4,#FF7AFF
ICe,828,"Inferior colliculus, external nucleus",/997/8/343/313/339/4/828/,4,#FF7AFF
IO,83,Inferior olivary complex,/997/8/343/1065/354/370/83/,370,#FFB3D9
ISN,106,Inferior salivatory nucleus,/997/8/343/1065/354/370/106/,370,#FFB3D9
ICB,372,Infracerebellar nucleus,/997/8/343/1065/354/370/372/,370,#FFB3D9
ILA,44,Infralimbic area,/997/8/567/688/695/315/44/,315,#59B363
ILA1,707,"Infralimbic area, layer 1",/997/8/567/688/695/315/44/707/,44,#59B363
ILA2/3,556,"Infralimbic area, layer 2/3",/997/8/567/688/695/315/44/556/,44,#59B363
ILA5,827,"Infralimbic area, layer 5",/997/8/567/688/695/315/44/827/,44,#59B363
ILA6a,1054,"Infralimbic area, layer 6a",/997/8/567/688/695/315/44/1054/,44,#59B363
ILA6b,1081,"Infralimbic area, layer 6b",/997/8/567/688/695/315/44/1081/,44,#59B363
IAD,1113,Interanterodorsal nucleus of the thalamus,/997/8/343/1129/549/856/239/1113/,239,#FF909F
IAM,1120,Interanteromedial nucleus of the thalamus,/997/8/343/1129/549/856/239/1120/,239,#FF909F
IB,1129,Interbrain,/997/8/343/1129/,343,#FF7080
IA,1105,Intercalated amygdalar nucleus,/997/8/567/623/477/278/1105/,278,#80C0E2
IF,12,Interfascicular nucleus raphe,/997/8/343/313/348/165/12/,165,#FFA6FF
IGL,27,Intergeniculate leaflet of the lateral geniculate complex,/997/8/343/1129/549/856/1014/27/,1014,#FF909F
IntG,563807439,Intermediate geniculate nucleus,/997/8/343/1129/549/856/1014/563807439/,1014,#FF909F
IRN,136,Intermediate reticular nucleus,/997/8/343/1065/354/370/136/,370,#FFB3D9
IMD,59,Intermediodorsal nucleus of the thalamus,/997/8/343/1129/549/856/444/59/,444,#FF909F
IPN,100,Interpeduncular nucleus,/997/8/343/313/348/165/100/,165,#FFA6FF
IPA,607344842,"Interpeduncular nucleus, apical",/997/8/343/313/348/165/100/607344842/,100,#FFA6FF
IPC,607344838,"Interpeduncular nucleus, caudal",/997/8/343/313/348/165/100/607344838/,100,#FFA6FF
IPDL,607344858,"Interpeduncular nucleus, dorsolateral",/997/8/343/313/348/165/100/607344858/,100,#FFA6FF
IPDM,607344854,"Interpeduncular nucleus, dorsomedial",/997/8/343/313/348/165/100/607344854/,100,#FFA6FF
IPI,607344850,"Interpeduncular nucleus, intermediate",/997/8/343/313/348/165/100/607344850/,100,#FFA6FF
IPL,607344846,"Interpeduncular nucleus, lateral",/997/8/343/313/348/165/100/607344846/,100,#FFA6FF
IPR,607344834,"Interpeduncular nucleus, rostral",/997/8/343/313/348/165/100/607344834/,100,#FFA6FF
IPRL,607344862,"Interpeduncular nucleus, rostrolateral",/997/8/343/313/348/165/100/607344862/,100,#FFA6FF
IP,91,Interposed nucleus,/997/8/512/519/91/,519,#FFFDBC
INC,67,Interstitial nucleus of Cajal,/997/8/343/313/323/795/67/,795,#FF90FF
I5,549009227,Intertrigeminal nucleus,/997/8/343/1065/771/987/549009227/,987,#FFBA86
ILM,51,Intralaminar nuclei of the dorsal thalamus,/997/8/343/1129/549/856/51/,856,#FF909F
Isocortex,315,Isocortex,/997/8/567/688/695/315/,695,#70FF71
KF,123,Koelliker-Fuse subnucleus,/997/8/343/1065/771/1132/867/123/,867,#FFAE6F
LA,131,Lateral amygdalar nucleus,/997/8/567/688/703/131/,703,#90EB8D
LD,155,Lateral dorsal nucleus of thalamus,/997/8/343/1129/549/856/239/155/,239,#FF909F
LAT,138,Lateral group of the dorsal thalamus,/997/8/343/1129/549/856/138/,856,#FF909F
LH,186,Lateral habenula,/997/8/343/1129/549/856/958/186/,958,#FF909F
LHA,194,Lateral hypothalamic area,/997/8/343/1129/1097/290/194/,290,#F2483B
LM,210,Lateral mammillary nucleus,/997/8/343/1129/1097/467/331/210/,331,#FF4C3E
LP,218,Lateral posterior nucleus of the thalamus,/997/8/343/1129/549/856/138/218/,138,#FF909F
LPO,226,Lateral preoptic area,/997/8/343/1129/1097/290/226/,290,#F2483B
LRN,235,Lateral reticular nucleus,/997/8/343/1065/354/370/235/,370,#FFB3D9
LRNm,955,"Lateral reticular nucleus, magnocellular part",/997/8/343/1065/354/370/235/955/,235,#FFB3D9
LRNp,963,"Lateral reticular nucleus, parvicellular part",/997/8/343/1065/354/370/235/963/,235,#FFB3D9
LSX,275,Lateral septal complex,/997/8/567/623/477/275/,477,#90CBED
LS,242,Lateral septal nucleus,/997/8/567/623/477/275/242/,275,#90CBED
LSc,250,"Lateral septal nucleus, caudal (caudodorsal) part",/997/8/567/623/477/275/242/250/,242,#90CBED
LSr,258,"Lateral septal nucleus, rostral (rostroventral) part",/997/8/567/623/477/275/242/258/,242,#90CBED
LSv,266,"Lateral septal nucleus, ventral part",/997/8/567/623/477/275/242/266/,242,#90CBED
LT,66,Lateral terminal nucleus of the accessory optic tract,/997/8/343/313/323/66/,323,#FF90FF
LAV,209,Lateral vestibular nucleus,/997/8/343/1065/354/370/701/209/,701,#FFB3D9
VISl,409,Lateral visual area,/997/8/567/688/695/315/669/409/,669,#08858C
VISl1,421,"Lateral visual area, layer 1",/997/8/567/688/695/315/669/409/421/,409,#08858C
VISl2/3,973,"Lateral visual area, layer 2/3",/997/8/567/688/695/315/669/409/973/,409,#08858C
VISl4,573,"Lateral visual area, layer 4",/997/8/567/688/695/315/669/409/573/,409,#08858C
VISl5,613,"Lateral visual area, layer 5",/997/8/567/688/695/315/669/409/613/,409,#08858C
VISl6a,74,"Lateral visual area, layer 6a",/997/8/567/688/695/315/669/409/74/,409,#08858C
VISl6b,121,"Lateral visual area, layer 6b",/997/8/567/688/695/315/669/409/121/,409,#08858C
LDT,162,Laterodorsal tegmental nucleus,/997/8/343/1065/771/1117/162/,1117,#FFC395
VISli,312782574,Laterointermediate area,/997/8/567/688/695/315/669/312782574/,669,#08858C
VISli1,312782578,"Laterointermediate area, layer 1",/997/8/567/688/695/315/669/312782574/312782578/,312782574,#08858C
VISli2/3,312782582,"Laterointermediate area, layer 2/3",/997/8/567/688/695/315/669/312782574/312782582/,312782574,#08858C
VISli4,312782586,"Laterointermediate area, layer 4",/997/8/567/688/695/315/669/312782574/312782586/,312782574,#08858C
VISli5,312782590,"Laterointermediate area, layer 5",/997/8/567/688/695/315/669/312782574/312782590/,312782574,#08858C
VISli6a,312782594,"Laterointermediate area, layer 6a",/997/8/567/688/695/315/669/312782574/312782594/,312782574,#08858C
VISli6b,312782598,"Laterointermediate area, layer 6b",/997/8/567/688/695/315/669/312782574/312782598/,312782574,#08858C
LIN,203,Linear nucleus of the medulla,/997/8/343/1065/354/370/203/,370,#FFB3D9
LING,912,Lingula (I),/997/8/512/528/645/912/,645,#FFFC91
CENT2,976,Lobule II,/997/8/512/528/645/920/976/,920,#FFFC91
CENT3,984,Lobule III,/997/8/512/528/645/920/984/,920,#FFFC91
"CUL4, 5",1091,Lobules IV-V,/997/8/512/528/645/928/1091/,928,#FFFC91
LC,147,Locus ceruleus,/997/8/343/1065/771/1117/147/,1117,#FFC395
MA,298,Magnocellular nucleus,/997/8/567/623/803/835/298/,835,#A2B1D8
MARN,307,Magnocellular reticular nucleus,/997/8/343/1065/354/370/307/,370,#FFB3D9
MOB,507,Main olfactory bulb,/997/8/567/688/695/698/507/,698,#9AD2BD
MBO,331,Mammillary body,/997/8/343/1129/1097/467/331/,467,#FF4C3E
MA3,549009211,Medial accesory oculomotor nucleus,/997/8/343/313/323/549009211/,323,#FF90FF
MEA,403,Medial amygdalar nucleus,/997/8/567/623/477/278/403/,278,#80C0E2
MG,475,Medial geniculate complex,/997/8/343/1129/549/864/1008/475/,1008,#FF8084
MGd,1072,"Medial geniculate complex, dorsal part",/997/8/343/1129/549/864/1008/475/1072/,475,#FF8084
MGm,1088,"Medial geniculate complex, medial part",/997/8/343/1129/549/864/1008/475/1088/,475,#FF8084
MGv,1079,"Medial geniculate complex, ventral part",/997/8/343/1129/549/864/1008/475/1079/,475,#FF8084
MED,444,Medial group of the dorsal thalamus,/997/8/343/1129/549/856/444/,856,#FF909F
MH,483,Medial habenula,/997/8/343/1129/549/856/958/483/,958,#FF909F
MM,491,Medial mammillary nucleus,/997/8/343/1129/1097/467/331/491/,331,#FF4C3E
MMd,606826659,"Medial mammillary nucleus, dorsal part",/997/8/343/1129/1097/467/331/491/606826659/,491,#FF4C3E
MMl,606826647,"Medial mammillary nucleus, lateral part",/997/8/343/1129/1097/467/331/491/606826647/,491,#FF4C3E
MMm,606826651,"Medial mammillary nucleus, medial part",/997/8/343/1129/1097/467/331/491/606826651/,491,#FF4C3E
MMme,732,"Medial mammillary nucleus, median part",/997/8/343/1129/1097/467/331/491/732/,491,#FF4C3E
MMp,606826655,"Medial mammillary nucleus, posterior part",/997/8/343/1129/1097/467/331/491/606826655/,491,#FF4C3E
MPO,523,Medial preoptic area,/997/8/343/1129/1097/141/523/,141,#FF5547
MPN,515,Medial preoptic nucleus,/997/8/343/1129/1097/467/515/,467,#FF4C3E
MPT,531,Medial pretectal area,/997/8/343/313/323/1100/531/,1100,#FF90FF
MSC,904,Medial septal complex,/997/8/567/623/803/826/904/,826,#96A7D3
MS,564,Medial septal nucleus,/997/8/567/623/803/826/904/564/,904,#96A7D3
MT,58,Medial terminal nucleus of the accessory optic tract,/997/8/343/313/323/58/,323,#FF90FF
MV,202,Medial vestibular nucleus,/997/8/343/1065/354/370/701/202/,701,#FFB3D9
ME,10671,Median eminence,/997/8/343/1129/1097/10671/,1097,#F2483B
MEPO,452,Median preoptic nucleus,/997/8/343/1129/1097/141/452/,141,#FF5547
MD,362,Mediodorsal nucleus of thalamus,/997/8/343/1129/549/856/444/362/,444,#FF909F
MY,354,Medulla,/997/8/343/1065/354/,1065,#FF9BCD
MY-sat,379,"Medulla, behavioral state related",/997/8/343/1065/354/379/,354,#FFC6E2
MY-mot,370,"Medulla, motor related",/997/8/343/1065/354/370/,354,#FFB3D9
MY-sen,386,"Medulla, sensory related",/997/8/343/1065/354/386/,354,#FFA5D2
MDRN,395,Medullary reticular nucleus,/997/8/343/1065/354/370/395/,370,#FFB3D9
MDRNd,1098,"Medullary reticular nucleus, dorsal part",/997/8/343/1065/354/370/395/1098/,395,#FFB3D9
MDRNv,1107,"Medullary reticular nucleus, ventral part",/997/8/343/1065/354/370/395/1107/,395,#FFB3D9
MB,313,Midbrain,/997/8/343/313/,343,#FF64FF
RAmb,165,Midbrain raphe nuclei,/997/8/343/313/348/165/,348,#FFA6FF
MRN,128,Midbrain reticular nucleus,/997/8/343/313/323/128/,323,#FF90FF
RR,246,"Midbrain reticular nucleus, retrorubral area",/997/8/343/313/323/246/,323,#FF90FF
MEV,460,Midbrain trigeminal nucleus,/997/8/343/313/339/460/,339,#FF7AFF
MBsta,348,"Midbrain, behavioral state related",/997/8/343/313/348/,313,#FF90FF
MBmot,323,"Midbrain, motor related",/997/8/343/313/323/,313,#FF90FF
MBsen,339,"Midbrain, sensory related",/997/8/343/313/339/,313,#FF7AFF
MTN,571,Midline group of the dorsal thalamus,/997/8/343/1129/549/856/571/,856,#FF909F
V,621,Motor nucleus of trigeminal,/997/8/343/1065/771/987/621/,987,#FFBA86
NOD,968,Nodulus (X),/997/8/512/528/645/968/,645,#FFFC91
ACB,56,Nucleus accumbens,/997/8/567/623/477/493/56/,493,#80CDF8
AMB,135,Nucleus ambiguus,/997/8/343/1065/354/370/135/,370,#FFB3D9
AMBd,939,"Nucleus ambiguus, dorsal division",/997/8/343/1065/354/370/135/939/,135,#FFB3D9
AMBv,143,"Nucleus ambiguus, ventral division",/997/8/343/1065/354/370/135/143/,135,#FFB3D9
NI,604,Nucleus incertus,/997/8/343/1065/771/1117/604/,1117,#FFC395
ND,587,Nucleus of Darkschewitsch,/997/8/343/313/323/795/587/,795,#FF90FF
NR,177,Nucleus of Roller,/997/8/343/1065/354/370/154/177/,154,#FFB3D9
RE,181,Nucleus of reuniens,/997/8/343/1129/549/856/571/181/,571,#FF909F
NB,580,Nucleus of the brachium of the inferior colliculus,/997/8/343/313/339/580/,339,#FF7AFF
NLL,612,Nucleus of the lateral lemniscus,/997/8/343/1065/771/1132/612/,1132,#FFAE6F
NLOT,619,Nucleus of the lateral olfactory tract,/997/8/567/688/695/698/619/,698,#95E4C8
NLOT3,1139,"Nucleus of the lateral olfactory tract, layer 3",/997/8/567/688/695/698/619/1139/,619,#95E4C8
NLOT1,260,"Nucleus of the lateral olfactory tract, molecular layer",/997/8/567/688/695/698/619/260/,619,#95E4C8
NLOT2,268,"Nucleus of the lateral olfactory tract, pyramidal layer",/997/8/567/688/695/698/619/268/,619,#95E4C8
NOT,628,Nucleus of the optic tract,/997/8/343/313/323/1100/628/,1100,#FF90FF
NPC,634,Nucleus of the posterior commissure,/997/8/343/313/323/1100/634/,1100,#FF90FF
NTS,651,Nucleus of the solitary tract,/997/8/343/1065/354/386/651/,386,#FFA5D2
NTB,642,Nucleus of the trapezoid body,/997/8/343/1065/354/386/642/,386,#FFA5D2
PRP,169,Nucleus prepositus,/997/8/343/1065/354/370/154/169/,154,#FFB3D9
RM,206,Nucleus raphe magnus,/997/8/343/1065/354/379/206/,379,#FFC6E2
RO,222,Nucleus raphe obscurus,/997/8/343/1065/354/379/222/,379,#FFC6E2
RPA,230,Nucleus raphe pallidus,/997/8/343/1065/354/379/230/,379,#FFC6E2
RPO,238,Nucleus raphe pontis,/997/8/343/1065/771/1117/238/,1117,#FFC395
SAG,271,Nucleus sagulum,/997/8/343/313/339/271/,339,#FF7AFF
x,765,Nucleus x,/997/8/343/1065/354/370/765/,370,#FFB3D9
y,781,Nucleus y,/997/8/343/1065/354/370/781/,370,#FFB3D9
III,35,Oculomotor nucleus,/997/8/343/313/323/35/,323,#FF90FF
OLF,698,Olfactory areas,/997/8/567/688/695/698/,695,#9AD2BD
OT,754,Olfactory tubercle,/997/8/567/623/477/493/754/,493,#80CDF8
OP,706,Olivary pretectal nucleus,/997/8/343/313/323/1100/706/,1100,#FF90FF
ORB,714,Orbital area,/997/8/567/688/695/315/714/,315,#248A5E
ORBl,723,"Orbital area, lateral part",/997/8/567/688/695/315/714/723/,714,#248A5E
ORBl1,448,"Orbital area, lateral part, layer 1",/997/8/567/688/695/315/714/723/448/,723,#248A5E
ORBl2/3,412,"Orbital area, lateral part, layer 2/3",/997/8/567/688/695/315/714/723/412/,723,#248A5E
ORBl5,630,"Orbital area, lateral part, layer 5",/997/8/567/688/695/315/714/723/630/,723,#248A5E
ORBl6a,440,"Orbital area, lateral part, layer 6a",/997/8/567/688/695/315/714/723/440/,723,#248A5E
ORBl6b,488,"Orbital area, lateral part, layer 6b",/997/8/567/688/695/315/714/723/488/,723,#248A5E
ORBm,731,"Orbital area, medial part",/997/8/567/688/695/315/714/731/,714,#248A5E
ORBm1,484,"Orbital area, medial part, layer 1",/997/8/567/688/695/315/714/731/484/,731,#248A5E
ORBm2/3,582,"Orbital area, medial part, layer 2/3",/997/8/567/688/695/315/714/731/582/,731,#248A5E
ORBm5,620,"Orbital area, medial part, layer 5",/997/8/567/688/695/315/714/731/620/,731,#248A5E
ORBm6a,910,"Orbital area, medial part, layer 6a",/997/8/567/688/695/315/714/731/910/,731,#248A5E
ORBm6b,527696977,"Orbital area, medial part, layer 6b",/997/8/567/688/695/315/714/731/527696977/,731,#248A5E
ORBvl,746,"Orbital area, ventrolateral part",/997/8/567/688/695/315/714/746/,714,#248A5E
ORBvl1,969,"Orbital area, ventrolateral part, layer 1",/997/8/567/688/695/315/714/746/969/,746,#248A5E
ORBvl2/3,288,"Orbital area, ventrolateral part, layer 2/3",/997/8/567/688/695/315/714/746/288/,746,#248A5E
ORBvl5,1125,"Orbital area, ventrolateral part, layer 5",/997/8/567/688/695/315/714/746/1125/,746,#248A5E
ORBvl6a,608,"Orbital area, ventrolateral part, layer 6a",/997/8/567/688/695/315/714/746/608/,746,#248A5E
ORBvl6b,680,"Orbital area, ventrolateral part, layer 6b",/997/8/567/688/695/315/714/746/680/,746,#248A5E
PAL,803,Pallidum,/997/8/567/623/803/,623,#8599CC
PALc,809,"Pallidum, caudal region",/997/8/567/623/803/809/,803,#B3C0DF
PALd,818,"Pallidum, dorsal region",/997/8/567/623/803/818/,803,#8599CC
PALm,826,"Pallidum, medial region",/997/8/567/623/803/826/,803,#96A7D3
PALv,835,"Pallidum, ventral region",/997/8/567/623/803/835/,803,#A2B1D8
PBG,874,Parabigeminal nucleus,/997/8/343/313/339/874/,339,#FF7AFF
PB,867,Parabrachial nucleus,/997/8/343/1065/771/1132/867/,1132,#FFAE6F
PCN,907,Paracentral nucleus,/997/8/343/1129/549/856/51/907/,51,#FF909F
PF,930,Parafascicular nucleus,/997/8/343/1129/549/856/51/930/,51,#FF909F
PFL,1041,Paraflocculus,/997/8/512/528/1073/1041/,1073,#FFFC91
PGRN,938,Paragigantocellular reticular nucleus,/997/8/343/1065/354/370/938/,370,#FFB3D9
PGRNd,970,"Paragigantocellular reticular nucleus, dorsal part",/997/8/343/1065/354/370/938/970/,938,#FFB3D9
PGRNl,978,"Paragigantocellular reticular nucleus, lateral part",/997/8/343/1065/354/370/938/978/,938,#FFB3D9
PRM,1025,Paramedian lobule,/997/8/512/528/1073/1025/,1073,#FFFC91
PN,607344830,Paranigral nucleus,/997/8/343/313/323/607344830/,323,#FF90FF
PPY,1069,Parapyramidal nucleus,/997/8/343/1065/354/370/1069/,370,#FFB3D9
PAS,859,Parasolitary nucleus,/997/8/343/1065/354/370/859/,370,#FFB3D9
PS,1109,Parastrial nucleus,/997/8/343/1129/1097/141/1109/,141,#FF5547
PAR,843,Parasubiculum,/997/8/567/688/695/1089/822/843/,822,#72D569
PSTN,364,Parasubthalamic nucleus,/997/8/343/1129/1097/290/364/,290,#F2483B
PT,15,Parataenial nucleus,/997/8/343/1129/549/856/571/15/,571,#FF909F
Pa5,589508451,Paratrigeminal nucleus,/997/8/343/1065/354/386/589508451/,386,#FFA5D2
Pa4,606826663,Paratrochlear nucleus,/997/8/343/313/323/606826663/,323,#FF90FF
PVH,38,Paraventricular hypothalamic nucleus,/997/8/343/1129/1097/157/38/,157,#FF5D50
PVHd,63,"Paraventricular hypothalamic nucleus, descending division",/997/8/343/1129/1097/467/63/,467,#FF4C3E
PVT,149,Paraventricular nucleus of the thalamus,/997/8/343/1129/549/856/571/149/,571,#FF909F
PC5,549009223,Parvicellular motor 5 nucleus,/997/8/343/1065/771/987/549009223/,987,#FFBA86
PARN,852,Parvicellular reticular nucleus,/997/8/343/1065/354/370/852/,370,#FFB3D9
PPN,1052,Pedunculopontine nucleus,/997/8/343/313/348/1052/,348,#FFA6FF
PAG,795,Periaqueductal gray,/997/8/343/313/323/795/,323,#FF90FF
PeF,576073704,Perifornical nucleus,/997/8/343/1129/1097/290/576073704/,290,#F2483B
PHY,154,Perihypoglossal nuclei,/997/8/343/1065/354/370/154/,370,#FFB3D9
PP,1044,Peripeduncular nucleus,/997/8/343/1129/549/864/1044/,864,#FF8084
PR,1077,Perireunensis nucleus,/997/8/343/1129/549/856/444/1077/,444,#FF909F
PERI,922,Perirhinal area,/997/8/567/688/695/315/922/,315,#0E9684
PERI1,540,"Perirhinal area, layer 1",/997/8/567/688/695/315/922/540/,922,#0E9684
PERI2/3,888,"Perirhinal area, layer 2/3",/997/8/567/688/695/315/922/888/,922,#0E9684
PERI5,692,"Perirhinal area, layer 5",/997/8/567/688/695/315/922/692/,922,#0E9684
PERI6a,335,"Perirhinal area, layer 6a",/997/8/567/688/695/315/922/335/,922,#0E9684
PERI6b,368,"Perirhinal area, layer 6b",/997/8/567/688/695/315/922/368/,922,#0E9684
P5,549009215,Peritrigeminal zone,/997/8/343/1065/771/987/549009215/,987,#FFBA86
PVa,30,"Periventricular hypothalamic nucleus, anterior part",/997/8/343/1129/1097/157/30/,157,#FF5D50
PVi,118,"Periventricular hypothalamic nucleus, intermediate part",/997/8/343/1129/1097/157/118/,157,#FF5D50
PVp,126,"Periventricular hypothalamic nucleus, posterior part",/997/8/343/1129/1097/141/126/,141,#FF5547
PVpo,133,"Periventricular hypothalamic nucleus, preoptic part",/997/8/343/1129/1097/141/133/,141,#FF5547
PVR,141,Periventricular region,/997/8/343/1129/1097/141/,1097,#FF5547
PVZ,157,Periventricular zone,/997/8/343/1129/1097/157/,1097,#FF5D50
PIR,961,Piriform area,/997/8/567/688/695/698/961/,698,#6ACBBA
PAA,788,Piriform-amygdalar area,/997/8/567/688/695/698/788/,698,#59DAAB
P,771,Pons,/997/8/343/1065/771/,1065,#FF9B88
P-sat,1117,"Pons, behavioral state related",/997/8/343/1065/771/1117/,771,#FFC395
P-mot,987,"Pons, motor related",/997/8/343/1065/771/987/,771,#FFBA86
P-sen,1132,"Pons, sensory related",/997/8/343/1065/771/1132/,771,#FFAE6F
PCG,898,Pontine central gray,/997/8/343/1065/771/987/898/,987,#FFBA86
PG,931,Pontine gray,/997/8/343/1065/771/987/931/,987,#FFBA86
PRNr,146,Pontine reticular nucleus,/997/8/343/1065/771/1117/146/,1117,#FFC395
PRNc,1093,"Pontine reticular nucleus, caudal part",/997/8/343/1065/771/987/1093/,987,#FFBA86
PA,780,Posterior amygdalar nucleus,/997/8/567/688/703/780/,703,#97EC93
AUDpo,1027,Posterior auditory area,/997/8/567/688/695/315/247/1027/,247,#019399
AUDpo1,696,"Posterior auditory area, layer 1",/997/8/567/688/695/315/247/1027/696/,1027,#019399
AUDpo2/3,643,"Posterior auditory area, layer 2/3",/997/8/567/688/695/315/247/1027/643/,1027,#019399
AUDpo4,759,"Posterior auditory area, layer 4",/997/8/567/688/695/315/247/1027/759/,1027,#019399
AUDpo5,791,"Posterior auditory area, layer 5",/997/8/567/688/695/315/247/1027/791/,1027,#019399
AUDpo6a,249,"Posterior auditory area, layer 6a",/997/8/567/688/695/315/247/1027/249/,1027,#019399
AUDpo6b,456,"Posterior auditory area, layer 6b",/997/8/567/688/695/315/247/1027/456/,1027,#019399
PO,1020,Posterior complex of the thalamus,/997/8/343/1129/549/856/138/1020/,138,#FF909F
PH,946,Posterior hypothalamic nucleus,/997/8/343/1129/1097/467/946/,467,#FF4C3E
PIL,560581563,Posterior intralaminar thalamic nucleus,/997/8/343/1129/549/856/51/560581563/,51,#FF909F
POL,1029,Posterior limiting nucleus of the thalamus,/997/8/343/1129/549/856/138/1029/,138,#FF909F
PTLp,22,Posterior parietal association areas,/997/8/567/688/695/315/22/,315,#009FAC
PPT,1061,Posterior pretectal nucleus,/997/8/343/313/323/1100/1061/,1100,#FF90FF
PoT,563807435,Posterior triangular thalamic nucleus,/997/8/343/1129/549/864/637/563807435/,637,#FF8084
PD,914,Posterodorsal preoptic nucleus,/997/8/343/1129/1097/141/914/,141,#FF5547
PDTg,599626927,Posterodorsal tegmental nucleus,/997/8/343/1065/771/987/599626927/,987,#FFBA86
VISpl,425,Posterolateral visual area,/997/8/567/688/695/315/669/425/,669,#08858C
VISpl1,750,"Posterolateral visual area, layer 1",/997/8/567/688/695/315/669/425/750/,425,#08858C
VISpl2/3,269,"Posterolateral visual area, layer 2/3",/997/8/567/688/695/315/669/425/269/,425,#08858C
VISpl4,869,"Posterolateral visual area, layer 4",/997/8/567/688/695/315/669/425/869/,425,#08858C
VISpl5,902,"Posterolateral visual area, layer 5",/997/8/567/688/695/315/669/425/902/,425,#08858C
VISpl6a,377,"Posterolateral visual area, layer 6a",/997/8/567/688/695/315/669/425/377/,425,#08858C
VISpl6b,393,"Posterolateral visual area, layer 6b",/997/8/567/688/695/315/669/425/393/,425,#08858C
TR,566,Postpiriform transition area,/997/8/567/688/695/698/566/,698,#A8ECD3
VISpor,312782628,Postrhinal area,/997/8/567/688/695/315/669/312782628/,669,#08858C
VISpor1,312782632,"Postrhinal area, layer 1",/997/8/567/688/695/315/669/312782628/312782632/,312782628,#08858C
VISpor2/3,312782636,"Postrhinal area, layer 2/3",/997/8/567/688/695/315/669/312782628/312782636/,312782628,#08858C
VISpor4,312782640,"Postrhinal area, layer 4",/997/8/567/688/695/315/669/312782628/312782640/,312782628,#08858C
VISpor5,312782644,"Postrhinal area, layer 5",/997/8/567/688/695/315/669/312782628/312782644/,312782628,#08858C
VISpor6a,312782648,"Postrhinal area, layer 6a",/997/8/567/688/695/315/669/312782628/312782648/,312782628,#08858C
VISpor6b,312782652,"Postrhinal area, layer 6b",/997/8/567/688/695/315/669/312782628/312782652/,312782628,#08858C
POST,1037,Postsubiculum,/997/8/567/688/695/1089/822/1037/,822,#48C83C
PRC,50,Precommissural nucleus,/997/8/343/313/323/795/50/,795,#FF90FF
PL,972,Prelimbic area,/997/8/567/688/695/315/972/,315,#2FA850
PL1,171,"Prelimbic area, layer 1",/997/8/567/688/695/315/972/171/,972,#2FA850
PL2/3,304,"Prelimbic area, layer 2/3",/997/8/567/688/695/315/972/304/,972,#2FA850
PL5,363,"Prelimbic area, layer 5",/997/8/567/688/695/315/972/363/,972,#2FA850
PL6a,84,"Prelimbic area, layer 6a",/997/8/567/688/695/315/972/84/,972,#2FA850
PL6b,132,"Prelimbic area, layer 6b",/997/8/567/688/695/315/972/132/,972,#2FA850
PST,356,Preparasubthalamic nucleus,/997/8/343/1129/1097/290/356/,290,#F2483B
PRE,1084,Presubiculum,/997/8/567/688/695/1089/822/1084/,822,#59B947
PRT,1100,Pretectal region,/997/8/343/313/323/1100/,323,#FF90FF
AUDp,1002,Primary auditory area,/997/8/567/688/695/315/247/1002/,247,#019399
AUDp1,735,"Primary auditory area, layer 1",/997/8/567/688/695/315/247/1002/735/,1002,#019399
AUDp2/3,251,"Primary auditory area, layer 2/3",/997/8/567/688/695/315/247/1002/251/,1002,#019399
AUDp4,816,"Primary auditory area, layer 4",/997/8/567/688/695/315/247/1002/816/,1002,#019399
AUDp5,847,"Primary auditory area, layer 5",/997/8/567/688/695/315/247/1002/847/,1002,#019399
AUDp6a,954,"Primary auditory area, layer 6a",/997/8/567/688/695/315/247/1002/954/,1002,#019399
AUDp6b,1005,"Primary auditory area, layer 6b",/997/8/567/688/695/315/247/1002/1005/,1002,#019399
MOp,985,Primary motor area,/997/8/567/688/695/315/500/985/,500,#1F9D5A
MOp1,320,"Primary motor area, Layer 1",/997/8/567/688/695/315/500/985/320/,985,#1F9D5A
MOp2/3,943,"Primary motor area, Layer 2/3",/997/8/567/688/695/315/500/985/943/,985,#1F9D5A
MOp5,648,"Primary motor area, Layer 5",/997/8/567/688/695/315/500/985/648/,985,#1F9D5A
MOp6a,844,"Primary motor area, Layer 6a",/997/8/567/688/695/315/500/985/844/,985,#1F9D5A
MOp6b,882,"Primary motor area, Layer 6b",/997/8/567/688/695/315/500/985/882/,985,#1F9D5A
SSp,322,Primary somatosensory area,/997/8/567/688/695/315/453/322/,453,#188064
SSp-bfd,329,"Primary somatosensory area, barrel field",/997/8/567/688/695/315/453/322/329/,322,#188064
SSp-bfd1,981,"Primary somatosensory area, barrel field, layer 1",/997/8/567/688/695/315/453/322/329/981/,329,#188064
SSp-bfd2/3,201,"Primary somatosensory area, barrel field, layer 2/3",/997/8/567/688/695/315/453/322/329/201/,329,#188064
SSp-bfd4,1047,"Primary somatosensory area, barrel field, layer 4",/997/8/567/688/695/315/453/322/329/1047/,329,#188064
SSp-bfd5,1070,"Primary somatosensory area, barrel field, layer 5",/997/8/567/688/695/315/453/322/329/1070/,329,#188064
SSp-bfd6a,1038,"Primary somatosensory area, barrel field, layer 6a",/997/8/567/688/695/315/453/322/329/1038/,329,#188064
SSp-bfd6b,1062,"Primary somatosensory area, barrel field, layer 6b",/997/8/567/688/695/315/453/322/329/1062/,329,#188064
SSp-ll,337,"Primary somatosensory area, lower limb",/997/8/567/688/695/315/453/322/337/,322,#188064
SSp-ll1,1030,"Primary somatosensory area, lower limb, layer 1",/997/8/567/688/695/315/453/322/337/1030/,337,#188064
SSp-ll2/3,113,"Primary somatosensory area, lower limb, layer 2/3",/997/8/567/688/695/315/453/322/337/113/,337,#188064
SSp-ll4,1094,"Primary somatosensory area, lower limb, layer 4",/997/8/567/688/695/315/453/322/337/1094/,337,#188064
SSp-ll5,1128,"Primary somatosensory area, lower limb, layer 5",/997/8/567/688/695/315/453/322/337/1128/,337,#188064
SSp-ll6a,478,"Primary somatosensory area, lower limb, layer 6a",/997/8/567/688/695/315/453/322/337/478/,337,#188064
SSp-ll6b,510,"Primary somatosensory area, lower limb, layer 6b",/997/8/567/688/695/315/453/322/337/510/,337,#188064
SSp-m,345,"Primary somatosensory area, mouth",/997/8/567/688/695/315/453/322/345/,322,#188064
SSp-m1,878,"Primary somatosensory area, mouth, layer 1",/997/8/567/688/695/315/453/322/345/878/,345,#188064
SSp-m2/3,657,"Primary somatosensory area, mouth, layer 2/3",/997/8/567/688/695/315/453/322/345/657/,345,#188064
SSp-m4,950,"Primary somatosensory area, mouth, layer 4",/997/8/567/688/695/315/453/322/345/950/,345,#188064
SSp-m5,974,"Primary somatosensory area, mouth, layer 5",/997/8/567/688/695/315/453/322/345/974/,345,#188064
SSp-m6a,1102,"Primary somatosensory area, mouth, layer 6a",/997/8/567/688/695/315/453/322/345/1102/,345,#188064
SSp-m6b,2,"Primary somatosensory area, mouth, layer 6b",/997/8/567/688/695/315/453/322/345/2/,345,#188064
SSp-n,353,"Primary somatosensory area, nose",/997/8/567/688/695/315/453/322/353/,322,#188064
SSp-n1,558,"Primary somatosensory area, nose, layer 1",/997/8/567/688/695/315/453/322/353/558/,353,#188064
SSp-n2/3,838,"Primary somatosensory area, nose, layer 2/3",/997/8/567/688/695/315/453/322/353/838/,353,#188064
SSp-n4,654,"Primary somatosensory area, nose, layer 4",/997/8/567/688/695/315/453/322/353/654/,353,#188064
SSp-n5,702,"Primary somatosensory area, nose, layer 5",/997/8/567/688/695/315/453/322/353/702/,353,#188064
SSp-n6a,889,"Primary somatosensory area, nose, layer 6a",/997/8/567/688/695/315/453/322/353/889/,353,#188064
SSp-n6b,929,"Primary somatosensory area, nose, layer 6b",/997/8/567/688/695/315/453/322/353/929/,353,#188064
SSp-tr,361,"Primary somatosensory area, trunk",/997/8/567/688/695/315/453/322/361/,322,#188064
SSp-tr1,1006,"Primary somatosensory area, trunk, layer 1",/997/8/567/688/695/315/453/322/361/1006/,361,#188064
SSp-tr2/3,670,"Primary somatosensory area, trunk, layer 2/3",/997/8/567/688/695/315/453/322/361/670/,361,#188064
SSp-tr4,1086,"Primary somatosensory area, trunk, layer 4",/997/8/567/688/695/315/453/322/361/1086/,361,#188064
SSp-tr5,1111,"Primary somatosensory area, trunk, layer 5",/997/8/567/688/695/315/453/322/361/1111/,361,#188064
SSp-tr6a,9,"Primary somatosensory area, trunk, layer 6a",/997/8/567/688/695/315/453/322/361/9/,361,#188064
SSp-tr6b,461,"Primary somatosensory area, trunk, layer 6b",/997/8/567/688/695/315/453/322/361/461/,361,#188064
SSp-un,182305689,"Primary somatosensory area, unassigned",/997/8/567/688/695/315/453/322/182305689/,322,#188064
SSp-un1,182305693,"Primary somatosensory area, unassigned, layer 1",/997/8/567/688/695/315/453/322/182305689/182305693/,182305689,#188064
SSp-un2/3,182305697,"Primary somatosensory area, unassigned, layer 2/3",/997/8/567/688/695/315/453/322/182305689/182305697/,182305689,#188064
SSp-un4,182305701,"Primary somatosensory area, unassigned, layer 4",/997/8/567/688/695/315/453/322/182305689/182305701/,182305689,#188064
SSp-un5,182305705,"Primary somatosensory area, unassigned, layer 5",/997/8/567/688/695/315/453/322/182305689/182305705/,182305689,#188064
SSp-un6a,182305709,"Primary somatosensory area, unassigned, layer 6a",/997/8/567/688/695/315/453/322/182305689/182305709/,182305689,#188064
SSp-un6b,182305713,"Primary somatosensory area, unassigned, layer 6b",/997/8/567/688/695/315/453/322/182305689/182305713/,182305689,#188064
SSp-ul,369,"Primary somatosensory area, upper limb",/997/8/567/688/695/315/453/322/369/,322,#188064
SSp-ul1,450,"Primary somatosensory area, upper limb, layer 1",/997/8/567/688/695/315/453/322/369/450/,369,#188064
SSp-ul2/3,854,"Primary somatosensory area, upper limb, layer 2/3",/997/8/567/688/695/315/453/322/369/854/,369,#188064
SSp-ul4,577,"Primary somatosensory area, upper limb, layer 4",/997/8/567/688/695/315/453/322/369/577/,369,#188064
SSp-ul5,625,"Primary somatosensory area, upper limb, layer 5",/997/8/567/688/695/315/453/322/369/625/,369,#188064
SSp-ul6a,945,"Primary somatosensory area, upper limb, layer 6a",/997/8/567/688/695/315/453/322/369/945/,369,#188064
SSp-ul6b,1026,"Primary somatosensory area, upper limb, layer 6b",/997/8/567/688/695/315/453/322/369/1026/,369,#188064
VISp,385,Primary visual area,/997/8/567/688/695/315/669/385/,669,#08858C
VISp1,593,"Primary visual area, layer 1",/997/8/567/688/695/315/669/385/593/,385,#08858C
VISp2/3,821,"Primary visual area, layer 2/3",/997/8/567/688/695/315/669/385/821/,385,#08858C
VISp4,721,"Primary visual area, layer 4",/997/8/567/688/695/315/669/385/721/,385,#08858C
VISp5,778,"Primary visual area, layer 5",/997/8/567/688/695/315/669/385/778/,385,#08858C
VISp6a,33,"Primary visual area, layer 6a",/997/8/567/688/695/315/669/385/33/,385,#08858C
VISp6b,305,"Primary visual area, layer 6b",/997/8/567/688/695/315/669/385/305/,385,#08858C
PSV,7,Principal sensory nucleus of the trigeminal,/997/8/343/1065/771/1132/7/,1132,#FFAE6F
ProS,484682470,Prosubiculum,/997/8/567/688/695/1089/822/484682470/,822,#58BA48
PYR,951,Pyramus (VIII),/997/8/512/528/645/951/,645,#FFFC91
RN,214,Red nucleus,/997/8/343/313/323/214/,323,#FF90FF
RT,262,Reticular nucleus of the thalamus,/997/8/343/1129/549/856/262/,856,#FF909F
RCH,173,Retrochiasmatic area,/997/8/343/1129/1097/290/173/,290,#F2483B
RHP,822,Retrohippocampal region,/997/8/567/688/695/1089/822/,1089,#32B825
RPF,549009203,Retroparafascicular nucleus,/997/8/343/313/323/1100/549009203/,1100,#FF90FF
RSP,254,Retrosplenial area,/997/8/567/688/695/315/254/,315,#1AA698
RSPd,879,"Retrosplenial area, dorsal part",/997/8/567/688/695/315/254/879/,254,#1AA698
RSPd1,442,"Retrosplenial area, dorsal part, layer 1",/997/8/567/688/695/315/254/879/442/,879,#1AA698
RSPd2/3,434,"Retrosplenial area, dorsal part, layer 2/3",/997/8/567/688/695/315/254/879/434/,879,#1AA698
RSPd4,545,"Retrosplenial area, dorsal part, layer 4",/997/8/567/688/695/315/254/879/545/,879,#1AA698
RSPd5,610,"Retrosplenial area, dorsal part, layer 5",/997/8/567/688/695/315/254/879/610/,879,#1AA698
RSPd6a,274,"Retrosplenial area, dorsal part, layer 6a",/997/8/567/688/695/315/254/879/274/,879,#1AA698
RSPd6b,330,"Retrosplenial area, dorsal part, layer 6b",/997/8/567/688/695/315/254/879/330/,879,#1AA698
RSPagl,894,"Retrosplenial area, lateral agranular part",/997/8/567/688/695/315/254/894/,254,#1AA698
RSPagl1,671,"Retrosplenial area, lateral agranular part, layer 1",/997/8/567/688/695/315/254/894/671/,894,#1AA698
RSPagl2/3,965,"Retrosplenial area, lateral agranular part, layer 2/3",/997/8/567/688/695/315/254/894/965/,894,#1AA698
RSPagl5,774,"Retrosplenial area, lateral agranular part, layer 5",/997/8/567/688/695/315/254/894/774/,894,#1AA698
RSPagl6a,906,"Retrosplenial area, lateral agranular part, layer 6a",/997/8/567/688/695/315/254/894/906/,894,#1AA698
RSPagl6b,279,"Retrosplenial area, lateral agranular part, layer 6b",/997/8/567/688/695/315/254/894/279/,894,#1AA698
RSPv,886,"Retrosplenial area, ventral part",/997/8/567/688/695/315/254/886/,254,#1AA698
RSPv1,542,"Retrosplenial area, ventral part, layer 1",/997/8/567/688/695/315/254/886/542/,886,#1AA698
RSPv2/3,430,"Retrosplenial area, ventral part, layer 2/3",/997/8/567/688/695/315/254/886/430/,886,#1AA698
RSPv5,687,"Retrosplenial area, ventral part, layer 5",/997/8/567/688/695/315/254/886/687/,886,#1AA698
RSPv6a,590,"Retrosplenial area, ventral part, layer 6a",/997/8/567/688/695/315/254/886/590/,886,#1AA698
RSPv6b,622,"Retrosplenial area, ventral part, layer 6b",/997/8/567/688/695/315/254/886/622/,886,#1AA698
RH,189,Rhomboid nucleus,/997/8/343/1129/549/856/51/189/,51,#FF909F
RL,197,Rostral linear nucleus raphe,/997/8/343/313/348/165/197/,165,#FFA6FF
VISrl1,312782604,"Rostrolateral area, layer 1",/997/8/567/688/695/315/22/417/312782604/,417,#009FAC
VISrl2/3,312782608,"Rostrolateral area, layer 2/3",/997/8/567/688/695/315/22/417/312782608/,417,#009FAC
VISrl4,312782612,"Rostrolateral area, layer 4",/997/8/567/688/695/315/22/417/312782612/,417,#009FAC
VISrl5,312782616,"Rostrolateral area, layer 5",/997/8/567/688/695/315/22/417/312782616/,417,#009FAC
VISrl6a,312782620,"Rostrolateral area, layer 6a",/997/8/567/688/695/315/22/417/312782620/,417,#009FAC
VISrl6b,312782624,"Rostrolateral area, layer 6b",/997/8/567/688/695/315/22/417/312782624/,417,#009FAC
VISrl,417,Rostrolateral visual area,/997/8/567/688/695/315/22/417/,22,#009FAC
MOs,993,Secondary motor area,/997/8/567/688/695/315/500/993/,500,#1F9D5A
MOs1,656,"Secondary motor area, layer 1",/997/8/567/688/695/315/500/993/656/,993,#1F9D5A
MOs2/3,962,"Secondary motor area, layer 2/3",/997/8/567/688/695/315/500/993/962/,993,#1F9D5A
MOs5,767,"Secondary motor area, layer 5",/997/8/567/688/695/315/500/993/767/,993,#1F9D5A
MOs6a,1021,"Secondary motor area, layer 6a",/997/8/567/688/695/315/500/993/1021/,993,#1F9D5A
MOs6b,1085,"Secondary motor area, layer 6b",/997/8/567/688/695/315/500/993/1085/,993,#1F9D5A
SF,310,Septofimbrial nucleus,/997/8/567/623/477/275/310/,275,#90CBED
SH,333,Septohippocampal nucleus,/997/8/567/623/477/275/333/,275,#90CBED
SIM,1007,Simple lobule,/997/8/512/528/1073/1007/,1073,#FFFC91
MO,500,Somatomotor areas,/997/8/567/688/695/315/500/,315,#1F9D5A
SS,453,Somatosensory areas,/997/8/567/688/695/315/453/,315,#188064
SPVC,429,"Spinal nucleus of the trigeminal, caudal part",/997/8/343/1065/354/386/429/,386,#FFA5D2
SPVI,437,"Spinal nucleus of the trigeminal, interpolar part",/997/8/343/1065/354/386/437/,386,#FFA5D2
SPVO,445,"Spinal nucleus of the trigeminal, oral part",/997/8/343/1065/354/386/445/,386,#FFA5D2
SPIV,225,Spinal vestibular nucleus,/997/8/343/1065/354/370/701/225/,701,#FFB3D9
STR,477,Striatum,/997/8/567/623/477/,623,#98D6F9
STRd,485,Striatum dorsal region,/997/8/567/623/477/485/,477,#98D6F9
STRv,493,Striatum ventral region,/997/8/567/623/477/493/,477,#80CDF8
sAMY,278,Striatum-like amygdalar nuclei,/997/8/567/623/477/278/,477,#80C0E2
SLC,350,Subceruleus nucleus,/997/8/343/1065/771/1117/350/,1117,#FFC395
SCO,599626923,Subcommissural organ,/997/8/343/313/339/599626923/,339,#FF7AFF
SFO,338,Subfornical organ,/997/8/343/1129/1097/141/338/,141,#FF5547
SubG,321,Subgeniculate nucleus,/997/8/343/1129/549/856/1014/321/,1014,#FF909F
SUB,502,Subiculum,/997/8/567/688/695/1089/822/502/,822,#4FC244
SLD,358,Sublaterodorsal nucleus,/997/8/343/1065/771/1117/358/,1117,#FFC395
SMT,366,Submedial nucleus of the thalamus,/997/8/343/1129/549/856/444/366/,444,#FF909F
SPA,609,Subparafascicular area,/997/8/343/1129/549/864/609/,864,#FF8084
SPF,406,Subparafascicular nucleus,/997/8/343/1129/549/864/406/,864,#FF8084
SPFm,414,"Subparafascicular nucleus, magnocellular part",/997/8/343/1129/549/864/406/414/,406,#FF8084
SPFp,422,"Subparafascicular nucleus, parvicellular part",/997/8/343/1129/549/864/406/422/,406,#FF8084
SBPV,347,Subparaventricular zone,/997/8/343/1129/1097/141/347/,141,#FF5547
SI,342,Substantia innominata,/997/8/567/623/803/835/342/,835,#A2B1D8
SNc,374,"Substantia nigra, compact part",/997/8/343/313/348/374/,348,#FFA6FF
SNr,381,"Substantia nigra, reticular part",/997/8/343/313/323/381/,323,#FF90FF
STN,470,Subthalamic nucleus,/997/8/343/1129/1097/290/470/,290,#F2483B
CS,679,Superior central nucleus raphe,/997/8/343/1065/771/1117/679/,1117,#FFC395
SCm,294,"Superior colliculus, motor related",/997/8/343/313/323/294/,323,#FF90FF
SCdg,26,"Superior colliculus, motor related, deep gray layer",/997/8/343/313/323/294/26/,294,#FF90FF
SCdw,42,"Superior colliculus, motor related, deep white layer",/997/8/343/313/323/294/42/,294,#FF90FF
SCig,10,"Superior colliculus, motor related, intermediate gray layer",/997/8/343/313/323/294/10/,294,#FF90FF
SCiw,17,"Superior colliculus, motor related, intermediate white layer",/997/8/343/313/323/294/17/,294,#FF90FF
SCop,851,"Superior colliculus, optic layer",/997/8/343/313/339/302/851/,302,#FF7AFF
SCs,302,"Superior colliculus, sensory related",/997/8/343/313/339/302/,339,#FF7AFF
SCsg,842,"Superior colliculus, superficial gray layer",/997/8/343/313/339/302/842/,302,#FF7AFF
SCzo,834,"Superior colliculus, zonal layer",/997/8/343/313/339/302/834/,302,#FF7AFF
SOC,398,Superior olivary complex,/997/8/343/1065/771/1132/398/,1132,#FFAE6F
SOCl,114,"Superior olivary complex, lateral part",/997/8/343/1065/771/1132/398/114/,398,#FFAE6F
SOCm,105,"Superior olivary complex, medial part",/997/8/343/1065/771/1132/398/105/,398,#FFAE6F
POR,122,"Superior olivary complex, periolivary region",/997/8/343/1065/771/1132/398/122/,398,#FFAE6F
SUV,217,Superior vestibular nucleus,/997/8/343/1065/354/370/701/217/,701,#FFB3D9
SSs,378,Supplemental somatosensory area,/997/8/567/688/695/315/453/378/,453,#188064
SSs1,873,"Supplemental somatosensory area, layer 1",/997/8/567/688/695/315/453/378/873/,378,#188064
SSs2/3,806,"Supplemental somatosensory area, layer 2/3",/997/8/567/688/695/315/453/378/806/,378,#188064
SSs4,1035,"Supplemental somatosensory area, layer 4",/997/8/567/688/695/315/453/378/1035/,378,#188064
SSs5,1090,"Supplemental somatosensory area, layer 5",/997/8/567/688/695/315/453/378/1090/,378,#188064
SSs6a,862,"Supplemental somatosensory area, layer 6a",/997/8/567/688/695/315/453/378/862/,378,#188064
SSs6b,893,"Supplemental somatosensory area, layer 6b",/997/8/567/688/695/315/453/378/893/,378,#188064
SCH,286,Suprachiasmatic nucleus,/997/8/343/1129/1097/141/286/,141,#FF5547
SGN,325,Suprageniculate nucleus,/997/8/343/1129/549/856/138/325/,138,#FF909F
SG,318,Supragenual nucleus,/997/8/343/1065/771/987/318/,987,#FFBA86
SUM,525,Supramammillary nucleus,/997/8/343/1129/1097/467/331/525/,331,#FF4C3E
Su3,614454277,Supraoculomotor periaqueductal gray,/997/8/343/313/323/795/614454277/,795,#FF90FF
SO,390,Supraoptic nucleus,/997/8/343/1129/1097/157/390/,157,#FF5D50
SUT,534,Supratrigeminal nucleus,/997/8/343/1065/771/987/534/,987,#FFBA86
TT,589,Taenia tecta,/997/8/567/688/695/698/589/,698,#62D09F
TTd,597,"Taenia tecta, dorsal part",/997/8/567/688/695/698/589/597/,589,#62D09F
TTv,605,"Taenia tecta, ventral part",/997/8/567/688/695/698/589/605/,589,#62D09F
TRN,574,Tegmental reticular nucleus,/997/8/343/1065/771/987/574/,987,#FFBA86
TEa,541,Temporal association areas,/997/8/567/688/695/315/541/,315,#15B0B3
TEa1,97,"Temporal association areas, layer 1",/997/8/567/688/695/315/541/97/,541,#15B0B3
TEa2/3,1127,"Temporal association areas, layer 2/3",/997/8/567/688/695/315/541/1127/,541,#15B0B3
TEa4,234,"Temporal association areas, layer 4",/997/8/567/688/695/315/541/234/,541,#15B0B3
TEa5,289,"Temporal association areas, layer 5",/997/8/567/688/695/315/541/289/,541,#15B0B3
TEa6a,729,"Temporal association areas, layer 6a",/997/8/567/688/695/315/541/729/,541,#15B0B3
TEa6b,786,"Temporal association areas, layer 6b",/997/8/567/688/695/315/541/786/,541,#15B0B3
TH,549,Thalamus,/997/8/343/1129/549/,1129,#FF7080
DORpm,856,"Thalamus, polymodal association cortex related",/997/8/343/1129/549/856/,549,#FF909F
DORsm,864,"Thalamus, sensory-motor cortex related",/997/8/343/1129/549/864/,549,#FF8084
TRS,581,Triangular nucleus of septum,/997/8/567/623/803/826/581/,826,#96A7D3
IV,115,Trochlear nucleus,/997/8/343/313/323/115/,323,#FF90FF
TU,614,Tuberal nucleus,/997/8/343/1129/1097/290/614/,290,#F2483B
TM,557,Tuberomammillary nucleus,/997/8/343/1129/1097/467/331/557/,331,#FF4C3E
TMd,1126,"Tuberomammillary nucleus, dorsal part",/997/8/343/1129/1097/467/331/557/1126/,557,#FF4C3E
TMv,1,"Tuberomammillary nucleus, ventral part",/997/8/343/1129/1097/467/331/557/1/,557,#FF4C3E
UVU,957,Uvula (IX),/997/8/512/528/645/957/,645,#FFFC91
OV,763,Vascular organ of the lamina terminalis,/997/8/343/1129/1097/141/763/,141,#FF5547
VAL,629,Ventral anterior-lateral complex of the thalamus,/997/8/343/1129/549/864/637/629/,637,#FF8084
AUDv,1018,Ventral auditory area,/997/8/567/688/695/315/247/1018/,247,#019399
AUDv1,959,"Ventral auditory area, layer 1",/997/8/567/688/695/315/247/1018/959/,1018,#019399
AUDv2/3,755,"Ventral auditory area, layer 2/3",/997/8/567/688/695/315/247/1018/755/,1018,#019399
AUDv4,990,"Ventral auditory area, layer 4",/997/8/567/688/695/315/247/1018/990/,1018,#019399
AUDv5,1023,"Ventral auditory area, layer 5",/997/8/567/688/695/315/247/1018/1023/,1018,#019399
AUDv6a,520,"Ventral auditory area, layer 6a",/997/8/567/688/695/315/247/1018/520/,1018,#019399
AUDv6b,598,"Ventral auditory area, layer 6b",/997/8/567/688/695/315/247/1018/598/,1018,#019399
VCO,101,Ventral cochlear nucleus,/997/8/343/1065/354/386/607/101/,607,#FFA5D2
VENT,637,Ventral group of the dorsal thalamus,/997/8/343/1129/549/864/637/,864,#FF8084
VM,685,Ventral medial nucleus of the thalamus,/997/8/343/1129/549/864/637/685/,637,#FF8084
LGv,178,Ventral part of the lateral geniculate complex,/997/8/343/1129/549/856/1014/178/,1014,#FF909F
VP,709,Ventral posterior complex of the thalamus,/997/8/343/1129/549/864/637/709/,637,#FF8084
VPL,718,Ventral posterolateral nucleus of the thalamus,/997/8/343/1129/549/864/637/709/718/,709,#FF8084
VPLpc,725,"Ventral posterolateral nucleus of the thalamus, parvicellular part",/997/8/343/1129/549/864/637/709/725/,709,#FF8084
VPM,733,Ventral posteromedial nucleus of the thalamus,/997/8/343/1129/549/864/637/709/733/,709,#FF8084
VPMpc,741,"Ventral posteromedial nucleus of the thalamus, parvicellular part",/997/8/343/1129/549/864/637/709/741/,709,#FF8084
PMv,1004,Ventral premammillary nucleus,/997/8/343/1129/1097/467/1004/,467,#FF4C3E
VTA,749,Ventral tegmental area,/997/8/343/313/323/749/,323,#FF90FF
VTN,757,Ventral tegmental nucleus,/997/8/343/313/323/757/,323,#FF90FF
VLPO,689,Ventrolateral preoptic nucleus,/997/8/343/1129/1097/141/689/,141,#FF5547
VMH,693,Ventromedial hypothalamic nucleus,/997/8/343/1129/1097/467/693/,467,#FF4C3E
VMPO,576073699,Ventromedial preoptic nucleus,/997/8/343/1129/1097/141/576073699/,141,#FF5547
VERM,645,Vermal regions,/997/8/512/528/645/,528,#FFFC91
VNC,701,Vestibular nuclei,/997/8/343/1065/354/370/701/,370,#FFB3D9
VeCB,589508455,Vestibulocerebellar nucleus,/997/8/512/519/589508455/,519,#FFFDBC
VISC,677,Visceral area,/997/8/567/688/695/315/677/,315,#11AD83
VISC1,897,"Visceral area, layer 1",/997/8/567/688/695/315/677/897/,677,#11AD83
VISC2/3,1106,"Visceral area, layer 2/3",/997/8/567/688/695/315/677/1106/,677,#11AD83
VISC4,1010,"Visceral area, layer 4",/997/8/567/688/695/315/677/1010/,677,#11AD83
VISC5,1058,"Visceral area, layer 5",/997/8/567/688/695/315/677/1058/,677,#11AD83
VISC6a,857,"Visceral area, layer 6a",/997/8/567/688/695/315/677/857/,677,#11AD83
VISC6b,849,"Visceral area, layer 6b",/997/8/567/688/695/315/677/849/,677,#11AD83
VIS,669,Visual areas,/997/8/567/688/695/315/669/,315,#08858C
Xi,560581559,Xiphoid thalamic nucleus,/997/8/343/1129/549/856/571/560581559/,571,#FF909F
ZI,797,Zona incerta,/997/8/343/1129/1097/290/797/,290,#F2483B
alv,466,alveus,/997/1009/991/768/1099/466/,1099,#CCCCCC
amc,884,amygdalar capsule,/997/1009/991/768/884/,768,#CCCCCC
aco,900,"anterior commissure, olfactory limb",/997/1009/967/840/900/,840,#CCCCCC
act,908,"anterior commissure, temporal limb",/997/1009/991/768/908/,768,#CCCCCC
arb,728,arbor vitae,/997/1009/960/728/,960,#CCCCCC
ar,484682524,auditory radiation,/997/1009/983/896/484682524/,896,#CCCCCC
bic,482,brachium of the inferior colliculus,/997/1009/967/933/948/482/,948,#CCCCCC
bsc,916,brachium of the superior colliculus,/997/1009/967/848/916/,848,#CCCCCC
c,164,"central canal, spinal cord/medulla",/997/73/164/,73,#AAAAAA
cpd,924,cerebal peduncle,/997/1009/983/784/924/,784,#CCCCCC
cbc,744,cerebellar commissure,/997/1009/960/744/,960,#CCCCCC
cbp,752,cerebellar peduncles,/997/1009/960/752/,960,#CCCCCC
cbf,960,cerebellum related fiber tracts,/997/1009/960/,1009,#CCCCCC
AQ,140,cerebral aqueduct,/997/73/140/,73,#AAAAAA
epsc,760,cerebral nuclei related,/997/1009/1000/760/,1000,#CCCCCC
mfbc,768,cerebrum related,/997/1009/991/768/,991,#CCCCCC
cett,932,cervicothalamic tract,/997/1009/967/792/932/,792,#CCCCCC
chpl,108,choroid plexus,/997/73/81/108/,81,#AAAAAA
cing,940,cingulum bundle,/997/1009/991/768/940/,768,#CCCCCC
cVIIIn,948,cochlear nerve,/997/1009/967/933/948/,933,#CCCCCC
fx,436,columns of the fornix,/997/1009/991/768/1099/737/436/,737,#CCCCCC
stc,484682528,commissural branch of stria terminalis,/997/1009/991/768/301/484682528/,301,#CCCCCC
cc,776,corpus callosum,/997/1009/983/776/,983,#CCCCCC
fa,956,"corpus callosum, anterior forceps",/997/1009/983/776/956/,776,#CCCCCC
ccb,484682516,"corpus callosum, body",/997/1009/983/776/484682516/,776,#CCCCCC
ee,964,"corpus callosum, extreme capsule",/997/1009/983/776/964/,776,#CCCCCC
fp,971,"corpus callosum, posterior forceps",/997/1009/983/776/971/,776,#CCCCCC
ccs,986,"corpus callosum, splenium",/997/1009/983/776/986/,776,#CCCCCC
cst,784,corticospinal tract,/997/1009/983/784/,983,#CCCCCC
cne,967,cranial nerves,/997/1009/967/,1009,#CCCCCC
tspc,1043,crossed tectospinal pathway,/997/1009/1000/877/1043/,877,#CCCCCC
cuf,380,cuneate fascicle,/997/1009/967/792/932/514/380/,514,#CCCCCC
tspd,1051,direct tectospinal pathway,/997/1009/1000/877/1051/,877,#CCCCCC
dtd,1060,doral tegmental decussation,/997/1009/1000/877/1060/,877,#CCCCCC
das,506,dorsal acoustic stria,/997/1009/967/933/948/506/,948,#CCCCCC
dc,514,dorsal column,/997/1009/967/792/932/514/,932,#CCCCCC
df,530,dorsal fornix,/997/1009/991/768/1099/530/,1099,#CCCCCC
dhc,443,dorsal hippocampal commissure,/997/1009/991/768/1099/618/443/,618,#CCCCCC
lotd,538,dorsal limb,/997/1009/967/840/21/538/,21,#CCCCCC
drt,792,dorsal roots,/997/1009/967/792/,967,#CCCCCC
sctd,553,dorsal spinocerebellar tract,/997/1009/960/752/1123/553/,1123,#CCCCCC
mfbse,1083,epithalamus related,/997/1009/991/824/1083/,824,#CCCCCC
ec,579,external capsule,/997/1009/983/776/956/579/,956,#CCCCCC
em,1092,external medullary lamina of the thalamus,/997/1009/983/896/1092/,896,#CCCCCC
eps,1000,extrapyramidal fiber systems,/997/1009/1000/,1009,#CCCCCC
VIIn,798,facial nerve,/997/1009/967/798/,967,#CCCCCC
fr,595,fasciculus retroflexus,/997/1009/991/824/1083/595/,1083,#CCCCCC
fiber tracts,1009,fiber tracts,/997/1009/,997,#CCCCCC
fi,603,fimbria,/997/1009/991/768/1099/603/,1099,#CCCCCC
fxs,1099,fornix system,/997/1009/991/768/1099/,768,#CCCCCC
V4,145,fourth ventricle,/997/73/145/,73,#AAAAAA
ccg,1108,genu of corpus callosum,/997/1009/983/776/1108/,776,#CCCCCC
gVIIn,1116,genu of the facial nerve,/997/1009/967/798/1116/,798,#CCCCCC
hbc,611,habenular commissure,/997/1009/991/824/1083/611/,1083,#CCCCCC
hc,618,hippocampal commissures,/997/1009/991/768/1099/618/,1099,#CCCCCC
mfsbshy,824,hypothalamus related,/997/1009/991/824/,991,#CCCCCC
icp,1123,inferior cerebellar peduncle,/997/1009/960/752/1123/,752,#CCCCCC
cic,633,inferior colliculus commissure,/997/1009/967/933/948/633/,948,#CCCCCC
int,6,internal capsule,/997/1009/983/784/6/,784,#CCCCCC
lfbs,983,lateral forebrain bundle system,/997/1009/983/,1009,#CCCCCC
ll,658,lateral lemniscus,/997/1009/967/933/948/658/,948,#CCCCCC
lot,665,"lateral olfactory tract, body",/997/1009/967/840/21/665/,21,#CCCCCC
lotg,21,"lateral olfactory tract, general",/997/1009/967/840/21/,840,#CCCCCC
V4r,153,lateral recess,/997/73/145/153/,145,#AAAAAA
VL,81,lateral ventricle,/997/73/81/,73,#AAAAAA
mp,673,mammillary peduncle,/997/1009/991/824/46/673/,46,#CCCCCC
mfbsma,46,mammillary related,/997/1009/991/824/46/,824,#CCCCCC
mtg,681,mammillotegmental tract,/997/1009/991/824/46/681/,46,#CCCCCC
mtt,690,mammillothalamic tract,/997/1009/991/824/46/690/,46,#CCCCCC
mct,428,medial corticohypothalamic tract,/997/1009/991/768/1099/737/428/,737,#CCCCCC
mfb,54,medial forebrain bundle,/997/1009/991/824/54/,824,#CCCCCC
mfbs,991,medial forebrain bundle system,/997/1009/991/,1009,#CCCCCC
ml,697,medial lemniscus,/997/1009/967/792/932/697/,932,#CCCCCC
mlf,62,medial longitudinal fascicle,/997/1009/967/832/62/,832,#CCCCCC
mcp,78,middle cerebellar peduncle,/997/1009/960/752/78/,752,#CCCCCC
moV,93,motor root of the trigeminal nerve,/997/1009/967/901/93/,901,#CCCCCC
nst,102,nigrostriatal tract,/997/1009/1000/760/102/,760,#CCCCCC
IIIn,832,oculomotor nerve,/997/1009/967/832/,967,#CCCCCC
In,840,olfactory nerve,/997/1009/967/840/,967,#CCCCCC
onl,1016,olfactory nerve layer of main olfactory bulb,/997/1009/967/840/1016/,840,#CCCCCC
och,117,optic chiasm,/997/1009/967/848/117/,848,#CCCCCC
IIn,848,optic nerve,/997/1009/967/848/,967,#CCCCCC
or,484682520,optic radiation,/997/1009/983/896/484682520/,896,#CCCCCC
opt,125,optic tract,/997/1009/967/848/125/,848,#CCCCCC
fxpo,737,postcommissural fornix,/997/1009/991/768/1099/737/,1099,#CCCCCC
pc,158,posterior commissure,/997/1009/967/832/158/,832,#CCCCCC
VISpm,533,posteromedial visual area,/997/8/567/688/695/315/669/533/,669,#08858C
VISpm1,805,"posteromedial visual area, layer 1",/997/8/567/688/695/315/669/533/805/,533,#08858C
VISpm2/3,41,"posteromedial visual area, layer 2/3",/997/8/567/688/695/315/669/533/41/,533,#08858C
VISpm4,501,"posteromedial visual area, layer 4",/997/8/567/688/695/315/669/533/501/,533,#08858C
VISpm5,565,"posteromedial visual area, layer 5",/997/8/567/688/695/315/669/533/565/,533,#08858C
VISpm6a,257,"posteromedial visual area, layer 6a",/997/8/567/688/695/315/669/533/257/,533,#08858C
VISpm6b,469,"posteromedial visual area, layer 6b",/997/8/567/688/695/315/669/533/469/,533,#08858C
pm,753,principal mammillary tract,/997/1009/991/824/46/753/,46,#CCCCCC
py,190,pyramid,/997/1009/983/784/190/,784,#CCCCCC
pyd,198,pyramidal decussation,/997/1009/983/784/198/,784,#CCCCCC
root,997,root,/997/,,#FFFFFF
rust,863,rubrospinal tract,/997/1009/1000/863/,1000,#CCCCCC
sV,229,sensory root of the trigeminal nerve,/997/1009/967/901/229/,901,#CCCCCC
ts,237,solitary tract,/997/1009/967/917/237/,917,#CCCCCC
sptV,794,spinal tract of the trigeminal nerve,/997/1009/967/901/229/794/,229,#CCCCCC
sm,802,stria medullaris,/997/1009/991/824/1083/802/,1083,#CCCCCC
st,301,stria terminalis,/997/1009/991/768/301/,768,#CCCCCC
SEZ,98,subependymal zone,/997/73/81/98/,81,#AAAAAA
scp,326,superior cerebelar peduncles,/997/1009/960/752/326/,752,#CCCCCC
dscp,812,superior cerebellar peduncle decussation,/997/1009/960/752/326/812/,326,#CCCCCC
csc,336,superior colliculus commissure,/997/1009/967/848/336/,848,#CCCCCC
scwm,484682512,supra-callosal cerebral white matter,/997/1009/484682512/,1009,#CCCCCC
sup,349,supraoptic commissures,/997/1009/991/824/349/,824,#CCCCCC
tsp,877,tectospinal pathway,/997/1009/1000/877/,1000,#CCCCCC
lfbst,896,thalamus related,/997/1009/983/896/,983,#CCCCCC
V3,129,third ventricle,/997/73/129/,73,#AAAAAA
tb,841,trapezoid body,/997/1009/967/933/948/841/,948,#CCCCCC
Vn,901,trigeminal nerve,/997/1009/967/901/,967,#CCCCCC
IVn,911,trochlear nerve,/997/1009/967/911/,967,#CCCCCC
uf,850,uncinate fascicle,/997/1009/960/752/326/850/,326,#CCCCCC
Xn,917,vagus nerve,/997/1009/967/917/,967,#CCCCCC
vhc,449,ventral hippocampal commissure,/997/1009/991/768/1099/618/449/,618,#CCCCCC
sctv,866,ventral spinocerebellar tract,/997/1009/960/752/326/866/,326,#CCCCCC
vtd,397,ventral tegmental decussation,/997/1009/1000/863/397/,863,#CCCCCC
VS,73,ventricular systems,/997/73/,997,#AAAAAA
vVIIIn,413,vestibular nerve,/997/1009/967/933/413/,933,#CCCCCC
VIIIn,933,vestibulocochlear nerve,/997/1009/967/933/,967,#CCCCCC
von,949,vomeronasal nerve,/997/1009/967/949/,967,#CCCCCC