user.id,timestamp,activities,chores,communicate,day,extra,grooming,homework,meals,purchases,read,school,sleep,social_media,socialize,spiritual,sports,television,travel,videogames,work
ids-17,2023-12-07 08:48:07,"[Sleep, Meals/Eating, Social Media, School, Grooming, Travel/Commuting, Videogames, Communicating, Socializing]",NOT_DISPLAYED,60,1,NOT_DISPLAYED,35,NOT_DISPLAYED,30,NOT_DISPLAYED,NOT_DISPLAYED,320,550,75,50,NOT_DISPLAYED,NOT_DISPLAYED,NOT_DISPLAYED,40,120,NOT_DISPLAYED
ids-17,2023-12-05 09:24:49,"[Sleep, Meals/Eating, Social Media, Grooming, Travel/Commuting, Chores, Television, Videogames, Communicating, Socializing]",30,90,4,NOT_DISPLAYED,15,NOT_DISPLAYED,50,NOT_DISPLAYED,NOT_DISPLAYED,NOT_DISPLAYED,580,40,30,NOT_DISPLAYED,NOT_DISPLAYED,90,75,340,NOT_DISPLAYED
ids-17,2023-12-04 09:51:53,"[Sleep, Meals/Eating, Social Media, Grooming, Travel/Commuting, Chores, Videogames, Purchasing]",15,NOT_DISPLAYED,9,NOT_DISPLAYED,10,NOT_DISPLAYED,40,70,NOT_DISPLAYED,NOT_DISPLAYED,700,40,NOT_DISPLAYED,NOT_DISPLAYED,NOT_DISPLAYED,NOT_DISPLAYED,60,170,NOT_DISPLAYED
ids-31,2023-11-30 14:55:15,"[Sleep, Meals/Eating, Social Media, School, Homework, Grooming, Chores, Television, Videogames, Sports, Communicating, Purchasing]",60,40,8,NOT_DISPLAYED,45,115,25,30,NOT_DISPLAYED,420,420,90,NOT_DISPLAYED,NOT_DISPLAYED,60,75,NOT_DISPLAYED,60,NOT_DISPLAYED
ids-31,2023-11-30 14:52:32,"[Sleep, Meals/Eating, Homework, Grooming, Travel/Commuting, Chores, Television, Videogames, Sports, Reading, Communicating, Socializing, Purchasing, Social Media]",30,45,7,NOT_DISPLAYED,90,90,50,65,90,NOT_DISPLAYED,480,90,80,NOT_DISPLAYED,90,90,60,90,NOT_DISPLAYED
ids-31,2023-11-30 14:48:19,"[Sleep, Meals/Eating, Homework, Grooming, Travel/Commuting, Chores, Television, Videogames, Sports, Communicating, Socializing, Purchasing, Social Media]",90,90,6,NOT_DISPLAYED,90,90,40,65,NOT_DISPLAYED,NOT_DISPLAYED,510,90,90,NOT_DISPLAYED,90,60,45,90,NOT_DISPLAYED
ids-31,2023-11-30 14:44:51,"[Sleep, Meals/Eating, School, Homework, Grooming, Chores, Television, Videogames, Sports, Communicating, Socializing, Purchasing, Social Media]",60,25,5,NOT_DISPLAYED,45,45,30,45,NOT_DISPLAYED,420,420,90,90,NOT_DISPLAYED,45,45,NOT_DISPLAYED,80,NOT_DISPLAYED
ids-31,2023-11-30 14:35:40,"[Sleep, Meals/Eating, Homework, Grooming, Travel/Commuting, Chores, Television, Videogames, Sports, Communicating, Socializing, Purchasing, Social Media]",90,90,4,NOT_DISPLAYED,90,90,40,65,NOT_DISPLAYED,NOT_DISPLAYED,510,90,90,NOT_DISPLAYED,90,60,45,90,NOT_DISPLAYED
ids-31,2023-11-30 11:18:44,"[Sleep, Meals/Eating, School, Homework, Grooming, Chores, Television, Videogames, Sports, Communicating, Socializing, Purchasing, Social Media]",30,90,3,NOT_DISPLAYED,60,30,35,45,NOT_DISPLAYED,420,420,90,70,NOT_DISPLAYED,45,45,NOT_DISPLAYED,60,NOT_DISPLAYED
ids-31,2023-11-30 11:10:00,"[Sleep, Meals/Eating, Social Media, School, Homework, Grooming, Chores, Television, Videogames, Sports, Communicating, Socializing]",6,50,2,NOT_DISPLAYED,45,75,30,NOT_DISPLAYED,NOT_DISPLAYED,420,420,90,55,NOT_DISPLAYED,45,90,NOT_DISPLAYED,60,NOT_DISPLAYED
ids-31,2023-11-29 14:08:46,"[Sleep, Meals/Eating, Social Media, School, Homework, Grooming, Travel/Commuting, Television, Videogames, Reading, Socializing, Purchasing]",NOT_DISPLAYED,NOT_DISPLAYED,1,NOT_DISPLAYED,45,90,30,45,20,420,420,90,50,NOT_DISPLAYED,NOT_DISPLAYED,45,60,80,NOT_DISPLAYED
ids-16,2023-11-27 09:23:50,"[Sleep, Meals/Eating, Social Media, Grooming, Reading, Socializing]",NOT_DISPLAYED,NOT_DISPLAYED,1,NOT_DISPLAYED,140,NOT_DISPLAYED,110,NOT_DISPLAYED,205,NOT_DISPLAYED,260,181,105,NOT_DISPLAYED,NOT_DISPLAYED,NOT_DISPLAYED,NOT_DISPLAYED,NOT_DISPLAYED,NOT_DISPLAYED
ids-14,2023-11-27 09:19:31,"[Sleep, Meals/Eating, Work, Grooming, Travel/Commuting, Chores, Videogames, Reading, Communicating, Socializing, Spiritual, Purchasing, Social Media]",20,190,9,NOT_DISPLAYED,40,NOT_DISPLAYED,55,120,10,NOT_DISPLAYED,420,95,60,20,NOT_DISPLAYED,NOT_DISPLAYED,50,60,300
ids-12,2023-11-27 09:15:28,"[Sleep, Meals/Eating, Social Media, Grooming, Chores, Television, Videogames, Socializing]",120,NOT_DISPLAYED,10,NOT_DISPLAYED,40,NOT_DISPLAYED,45,NOT_DISPLAYED,NOT_DISPLAYED,NOT_DISPLAYED,840,540,240,NOT_DISPLAYED,NOT_DISPLAYED,240,NOT_DISPLAYED,240,NOT_DISPLAYED
ids-21,2023-11-27 09:15:13,"[Sleep, Meals/Eating, Grooming, Chores, Television, Socializing, Purchasing]",25,NOT_DISPLAYED,9,NOT_DISPLAYED,85,NOT_DISPLAYED,120,175,NOT_DISPLAYED,NOT_DISPLAYED,520,NOT_DISPLAYED,470,NOT_DISPLAYED,NOT_DISPLAYED,45,NOT_DISPLAYED,NOT_DISPLAYED,NOT_DISPLAYED
ids-1,2023-11-27 09:10:58,"[Sleep, Meals/Eating, Social Media, Work, Grooming, Travel/Commuting, Chores, Television, Videogames]",20,NOT_DISPLAYED,10,NOT_DISPLAYED,40,NOT_DISPLAYED,105,NOT_DISPLAYED,NOT_DISPLAYED,NOT_DISPLAYED,750,60,NOT_DISPLAYED,NOT_DISPLAYED,NOT_DISPLAYED,55,40,130,240
ids-33,2023-11-27 09:05:02,"[Sleep, Meals/Eating, Social Media, Work, Grooming, Television, Videogames, Socializing]",NOT_DISPLAYED,NOT_DISPLAYED,10,NOT_DISPLAYED,60,NOT_DISPLAYED,45,NOT_DISPLAYED,NOT_DISPLAYED,NOT_DISPLAYED,420,70,75,NOT_DISPLAYED,NOT_DISPLAYED,180,NOT_DISPLAYED,150,440
ids-20,2023-11-27 09:03:32,"[Sleep, Extracurricular, Meals/Eating, Social Media, Homework, Grooming, Chores, Television, Socializing]",30,NOT_DISPLAYED,9,50,140,60,80,NOT_DISPLAYED,NOT_DISPLAYED,NOT_DISPLAYED,720,65,110,NOT_DISPLAYED,NOT_DISPLAYED,185,NOT_DISPLAYED,NOT_DISPLAYED,NOT_DISPLAYED
ids-13,2023-11-20 19:10:34,"[Sleep, Meals/Eating, Social Media, School, Homework, Grooming, Videogames, Sports, Communicating]",NOT_DISPLAYED,25,10,NOT_DISPLAYED,20,60,65,NOT_DISPLAYED,NOT_DISPLAYED,420,450,180,NOT_DISPLAYED,NOT_DISPLAYED,100,NOT_DISPLAYED,NOT_DISPLAYED,60,NOT_DISPLAYED
ids-13,2023-11-20 19:07:43,"[Sleep, Meals/Eating, Social Media, School, Homework, Grooming, Travel/Commuting, Videogames, Sports]",NOT_DISPLAYED,NOT_DISPLAYED,9,NOT_DISPLAYED,20,60,105,NOT_DISPLAYED,NOT_DISPLAYED,420,450,165,NOT_DISPLAYED,NOT_DISPLAYED,100,NOT_DISPLAYED,10,110,NOT_DISPLAYED
ids-13,2023-11-20 19:04:36,"[Sleep, Meals/Eating, Social Media, School, Homework, Grooming, Videogames, Sports]",NOT_DISPLAYED,NOT_DISPLAYED,8,NOT_DISPLAYED,20,60,105,NOT_DISPLAYED,NOT_DISPLAYED,420,450,190,NOT_DISPLAYED,NOT_DISPLAYED,80,NOT_DISPLAYED,NOT_DISPLAYED,115,NOT_DISPLAYED
ids-13,2023-11-20 19:01:57,"[Sleep, Meals/Eating, Social Media, Homework, Grooming, Videogames, Sports]",NOT_DISPLAYED,NOT_DISPLAYED,7,NOT_DISPLAYED,20,70,105,NOT_DISPLAYED,NOT_DISPLAYED,NOT_DISPLAYED,610,280,NOT_DISPLAYED,NOT_DISPLAYED,100,NOT_DISPLAYED,NOT_DISPLAYED,225,NOT_DISPLAYED
ids-13,2023-11-20 18:58:21,"[Sleep, Meals/Eating, Social Media, Homework, Grooming, Videogames, Sports]",NOT_DISPLAYED,NOT_DISPLAYED,6,NOT_DISPLAYED,20,60,120,NOT_DISPLAYED,NOT_DISPLAYED,NOT_DISPLAYED,600,180,NOT_DISPLAYED,NOT_DISPLAYED,100,NOT_DISPLAYED,NOT_DISPLAYED,360,NOT_DISPLAYED
ids-13,2023-11-20 18:55:25,"[Sleep, Meals/Eating, Social Media, School, Homework, Grooming, Travel/Commuting, Videogames, Sports]",NOT_DISPLAYED,NOT_DISPLAYED,5,NOT_DISPLAYED,20,60,125,NOT_DISPLAYED,NOT_DISPLAYED,420,450,180,NOT_DISPLAYED,NOT_DISPLAYED,100,NOT_DISPLAYED,25,60,NOT_DISPLAYED
ids-13,2023-11-20 18:52:33,"[Sleep, Meals/Eating, Social Media, School, Homework, Grooming, Videogames, Sports]",NOT_DISPLAYED,NOT_DISPLAYED,4,NOT_DISPLAYED,20,35,100,NOT_DISPLAYED,NOT_DISPLAYED,420,450,220,NOT_DISPLAYED,NOT_DISPLAYED,45,NOT_DISPLAYED,NOT_DISPLAYED,150,NOT_DISPLAYED
ids-13,2023-11-20 18:48:52,"[Sleep, Meals/Eating, Social Media, School, Homework, Grooming, Travel/Commuting, Videogames, Sports]",NOT_DISPLAYED,NOT_DISPLAYED,3,NOT_DISPLAYED,20,20,110,NOT_DISPLAYED,NOT_DISPLAYED,420,450,180,NOT_DISPLAYED,NOT_DISPLAYED,35,NOT_DISPLAYED,25,180,NOT_DISPLAYED
ids-13,2023-11-20 18:44:22,"[Sleep, Extracurricular, Meals/Eating, Social Media, School, Homework, Grooming, Videogames, Sports]",NOT_DISPLAYED,NOT_DISPLAYED,2,60,20,85,125,NOT_DISPLAYED,NOT_DISPLAYED,420,450,100,NOT_DISPLAYED,NOT_DISPLAYED,30,NOT_DISPLAYED,NOT_DISPLAYED,150,NOT_DISPLAYED
ids-13,2023-11-20 18:40:19,"[Sleep, Meals/Eating, Social Media, School, Homework, Grooming, Videogames, Sports]",NOT_DISPLAYED,NOT_DISPLAYED,1,NOT_DISPLAYED,20,75,115,NOT_DISPLAYED,NOT_DISPLAYED,420,450,180,NOT_DISPLAYED,NOT_DISPLAYED,120,NOT_DISPLAYED,NOT_DISPLAYED,60,NOT_DISPLAYED
ids-33,2023-11-16 08:58:34,"[Sleep, Meals/Eating, School, Homework, Chores, Television, Videogames, Socializing, Purchasing]",30,NOT_DISPLAYED,8,NOT_DISPLAYED,NOT_DISPLAYED,75,45,35,NOT_DISPLAYED,300,540,NOT_DISPLAYED,65,NOT_DISPLAYED,NOT_DISPLAYED,50,NOT_DISPLAYED,300,NOT_DISPLAYED
ids-33,2023-11-16 08:57:09,"[Sleep, Meals/Eating, Social Media, School, Homework, Chores, Television, Videogames, Socializing]",45,NOT_DISPLAYED,7,NOT_DISPLAYED,NOT_DISPLAYED,30,20,NOT_DISPLAYED,NOT_DISPLAYED,440,420,35,80,NOT_DISPLAYED,NOT_DISPLAYED,120,NOT_DISPLAYED,250,NOT_DISPLAYED
ids-33,2023-11-16 08:55:57,"[Sleep, Meals/Eating, School, Homework, Grooming, Chores, Television, Videogames, Socializing]",30,NOT_DISPLAYED,6,NOT_DISPLAYED,15,30,30,NOT_DISPLAYED,NOT_DISPLAYED,420,510,NOT_DISPLAYED,95,NOT_DISPLAYED,NOT_DISPLAYED,60,NOT_DISPLAYED,250,NOT_DISPLAYED
ids-33,2023-11-16 08:54:06,"[Sleep, Social Media, School, Grooming, Travel/Commuting, Videogames, Socializing]",NOT_DISPLAYED,NOT_DISPLAYED,5,NOT_DISPLAYED,30,NOT_DISPLAYED,NOT_DISPLAYED,NOT_DISPLAYED,NOT_DISPLAYED,341,390,40,494,NOT_DISPLAYED,NOT_DISPLAYED,NOT_DISPLAYED,25,120,NOT_DISPLAYED
ids-33,2023-11-15 16:38:41,"[Sleep, School, Homework, Grooming, Chores, Television, Videogames, Socializing]",35,NOT_DISPLAYED,3,NOT_DISPLAYED,30,45,NOT_DISPLAYED,NOT_DISPLAYED,NOT_DISPLAYED,410,480,NOT_DISPLAYED,100,NOT_DISPLAYED,NOT_DISPLAYED,90,NOT_DISPLAYED,250,NOT_DISPLAYED
ids-33,2023-11-15 16:32:36,"[Sleep, Meals/Eating, Social Media, School, Homework, Grooming, Videogames, Socializing]",NOT_DISPLAYED,NOT_DISPLAYED,2,NOT_DISPLAYED,30,30,45,NOT_DISPLAYED,NOT_DISPLAYED,440,450,90,30,NOT_DISPLAYED,NOT_DISPLAYED,NOT_DISPLAYED,NOT_DISPLAYED,300,NOT_DISPLAYED
ids-33,2023-11-15 16:28:34,"[Sleep, School, Grooming, Television, Videogames, Socializing]",NOT_DISPLAYED,NOT_DISPLAYED,1,NOT_DISPLAYED,15,NOT_DISPLAYED,NOT_DISPLAYED,NOT_DISPLAYED,NOT_DISPLAYED,350,510,NOT_DISPLAYED,95,NOT_DISPLAYED,NOT_DISPLAYED,50,NOT_DISPLAYED,400,NOT_DISPLAYED
ids-25,2023-11-14 21:21:34,"[Sleep, Extracurricular, Meals/Eating, Social Media, Homework, Work, Travel/Commuting, Chores, Videogames, Purchasing]",60,NOT_DISPLAYED,7,200,NOT_DISPLAYED,30,70,20,NOT_DISPLAYED,NOT_DISPLAYED,480,40,NOT_DISPLAYED,NOT_DISPLAYED,NOT_DISPLAYED,NOT_DISPLAYED,80,40,420
ids-1,2023-11-14 09:52:02,"[Sleep, Meals/Eating, Homework, Grooming, Travel/Commuting, Chores, Television, Videogames, Sports, Communicating, Socializing, Spiritual, Purchasing, Social Media]",60,20,8,NOT_DISPLAYED,70,20,80,15,NOT_DISPLAYED,NOT_DISPLAYED,830,120,30,5,30,70,30,60,NOT_DISPLAYED
ids-14,2023-11-14 09:23:40,"[Sleep, Meals/Eating, School, Homework, Grooming, Travel/Commuting, Chores, Television, Videogames, Communicating, Socializing, Spiritual, Extracurricular, Social Media]",20,102,8,50,55,30,58,NOT_DISPLAYED,NOT_DISPLAYED,360,360,95,60,25,NOT_DISPLAYED,60,45,120,NOT_DISPLAYED
ids-1,2023-11-14 09:20:15,"[Sleep, Meals/Eating, Social Media, Work, Grooming, Travel/Commuting, Chores, Spiritual]",20,NOT_DISPLAYED,7,NOT_DISPLAYED,20,NOT_DISPLAYED,45,NOT_DISPLAYED,NOT_DISPLAYED,NOT_DISPLAYED,700,140,NOT_DISPLAYED,230,NOT_DISPLAYED,NOT_DISPLAYED,55,NOT_DISPLAYED,230
ids-14,2023-11-14 09:19:52,"[Sleep, Meals/Eating, Homework, Work, Grooming, Travel/Commuting, Chores, Videogames, Reading, Socializing, Spiritual, Extracurricular, Social Media]",35,NOT_DISPLAYED,7,60,55,60,65,NOT_DISPLAYED,10,NOT_DISPLAYED,420,105,100,140,NOT_DISPLAYED,NOT_DISPLAYED,30,120,240
ids-10,2023-11-14 09:17:54,"[Sleep, Extracurricular, Meals/Eating, Social Media, School, Television, Videogames, Communicating, Socializing]",NOT_DISPLAYED,300,5,0,NOT_DISPLAYED,NOT_DISPLAYED,90,NOT_DISPLAYED,NOT_DISPLAYED,330,420,200,200,NOT_DISPLAYED,NOT_DISPLAYED,60,NOT_DISPLAYED,60,NOT_DISPLAYED
ids-1,2023-11-14 09:15:23,"[Sleep, Meals/Eating, Social Media, Travel/Commuting, Chores, Videogames]",205,NOT_DISPLAYED,6,NOT_DISPLAYED,NOT_DISPLAYED,NOT_DISPLAYED,723,NOT_DISPLAYED,NOT_DISPLAYED,NOT_DISPLAYED,0,260,NOT_DISPLAYED,NOT_DISPLAYED,NOT_DISPLAYED,NOT_DISPLAYED,12,180,NOT_DISPLAYED
ids-29,2023-11-14 09:15:06,"[Sleep, Meals/Eating, School]",NOT_DISPLAYED,NOT_DISPLAYED,9,NOT_DISPLAYED,NOT_DISPLAYED,NOT_DISPLAYED,50,NOT_DISPLAYED,NOT_DISPLAYED,480,420,NOT_DISPLAYED,NOT_DISPLAYED,NOT_DISPLAYED,NOT_DISPLAYED,NOT_DISPLAYED,NOT_DISPLAYED,NOT_DISPLAYED,NOT_DISPLAYED
ids-29,2023-11-14 09:14:39,"[Sleep, Meals/Eating, School, Videogames]",NOT_DISPLAYED,NOT_DISPLAYED,8,NOT_DISPLAYED,NOT_DISPLAYED,NOT_DISPLAYED,50,NOT_DISPLAYED,NOT_DISPLAYED,480,420,NOT_DISPLAYED,NOT_DISPLAYED,NOT_DISPLAYED,NOT_DISPLAYED,NOT_DISPLAYED,NOT_DISPLAYED,480,NOT_DISPLAYED
ids-29,2023-11-14 09:12:06,"[Sleep, Meals/Eating, Videogames]",NOT_DISPLAYED,NOT_DISPLAYED,6,NOT_DISPLAYED,NOT_DISPLAYED,NOT_DISPLAYED,40,NOT_DISPLAYED,NOT_DISPLAYED,NOT_DISPLAYED,420,NOT_DISPLAYED,NOT_DISPLAYED,NOT_DISPLAYED,NOT_DISPLAYED,NOT_DISPLAYED,NOT_DISPLAYED,480,NOT_DISPLAYED
ids-14,2023-11-14 09:11:35,"[Sleep, Meals/Eating, Social Media, Work, Grooming, Travel/Commuting, Television, Videogames, Reading, Communicating, Socializing, Spiritual]",NOT_DISPLAYED,90,6,NOT_DISPLAYED,37,NOT_DISPLAYED,43,NOT_DISPLAYED,18,NOT_DISPLAYED,480,120,72,190,NOT_DISPLAYED,60,30,60,240
ids-29,2023-11-14 09:10:49,"[Sleep, Meals/Eating, Social Media, School]",NOT_DISPLAYED,NOT_DISPLAYED,5,NOT_DISPLAYED,NOT_DISPLAYED,NOT_DISPLAYED,30,NOT_DISPLAYED,NOT_DISPLAYED,480,420,40,NOT_DISPLAYED,NOT_DISPLAYED,NOT_DISPLAYED,NOT_DISPLAYED,NOT_DISPLAYED,NOT_DISPLAYED,NOT_DISPLAYED
ids-1,2023-11-14 09:10:06,"[Sleep, Meals/Eating, Homework, Grooming, Travel/Commuting, Chores, Television, Videogames, Sports, Reading, Socializing, Extracurricular, Social Media]",22,NOT_DISPLAYED,5,22,20,30,22,NOT_DISPLAYED,40,NOT_DISPLAYED,375,40,59,NOT_DISPLAYED,180,270,40,320,NOT_DISPLAYED
ids-35,2023-11-14 09:09:20,"[Sleep, Meals/Eating, Social Media, School, Homework, Grooming, Travel/Commuting, Chores, Videogames, Reading, Communicating, Socializing]",15,130,4,NOT_DISPLAYED,15,15,45,NOT_DISPLAYED,36,480,480,30,15,NOT_DISPLAYED,NOT_DISPLAYED,NOT_DISPLAYED,62,200,NOT_DISPLAYED
ids-29,2023-11-14 09:08:48,"[Sleep, Meals/Eating, School, Work]",NOT_DISPLAYED,NOT_DISPLAYED,4,NOT_DISPLAYED,NOT_DISPLAYED,NOT_DISPLAYED,20,NOT_DISPLAYED,NOT_DISPLAYED,480,420,NOT_DISPLAYED,NOT_DISPLAYED,NOT_DISPLAYED,NOT_DISPLAYED,NOT_DISPLAYED,NOT_DISPLAYED,NOT_DISPLAYED,270
ids-29,2023-11-14 09:07:44,"[Sleep, Meals/Eating, Social Media, School, Work, Videogames]",NOT_DISPLAYED,NOT_DISPLAYED,3,NOT_DISPLAYED,NOT_DISPLAYED,NOT_DISPLAYED,30,NOT_DISPLAYED,NOT_DISPLAYED,480,420,40,NOT_DISPLAYED,NOT_DISPLAYED,NOT_DISPLAYED,NOT_DISPLAYED,NOT_DISPLAYED,120,420
ids-29,2023-11-14 09:06:08,"[Sleep, Extracurricular, Meals/Eating, School, Work, Travel/Commuting, Videogames, Socializing]",NOT_DISPLAYED,NOT_DISPLAYED,2,0,NOT_DISPLAYED,NOT_DISPLAYED,40,NOT_DISPLAYED,NOT_DISPLAYED,540,420,NOT_DISPLAYED,0,NOT_DISPLAYED,NOT_DISPLAYED,NOT_DISPLAYED,20,120,330
ids-22,2023-11-14 09:04:57,"[Sleep, Meals/Eating, Social Media, School, Homework, Work, Grooming, Travel/Commuting]",NOT_DISPLAYED,NOT_DISPLAYED,9,NOT_DISPLAYED,19,120,20,NOT_DISPLAYED,NOT_DISPLAYED,0,330,180,NOT_DISPLAYED,NOT_DISPLAYED,NOT_DISPLAYED,NOT_DISPLAYED,30,NOT_DISPLAYED,0
ids-12,2023-11-14 09:04:33,"[Sleep, Meals/Eating, Social Media, School, Grooming, Chores, Television, Reading, Socializing]",120,NOT_DISPLAYED,5,NOT_DISPLAYED,45,NOT_DISPLAYED,30,NOT_DISPLAYED,40,360,420,200,10,NOT_DISPLAYED,NOT_DISPLAYED,220,NOT_DISPLAYED,NOT_DISPLAYED,NOT_DISPLAYED
ids-14,2023-11-14 09:04:10,"[Sleep, Meals/Eating, School, Homework, Work, Grooming, Travel/Commuting, Chores, Television, Videogames, Communicating, Socializing, Spiritual, Social Media]",15,50,5,NOT_DISPLAYED,40,45,43,NOT_DISPLAYED,NOT_DISPLAYED,360,360,90,15,15,NOT_DISPLAYED,30,17,180,180
ids-20,2023-11-14 08:59:44,"[Sleep, Extracurricular, Meals/Eating, Social Media, School, Grooming, Chores, Television, Videogames, Socializing, Purchasing]",15,NOT_DISPLAYED,8,50,100,NOT_DISPLAYED,70,20,NOT_DISPLAYED,360,540,50,90,NOT_DISPLAYED,NOT_DISPLAYED,50,NOT_DISPLAYED,45,NOT_DISPLAYED
ids-25,2023-11-14 08:59:27,"[Sleep, Extracurricular, Meals/Eating, Social Media, School, Homework, Work, Travel/Commuting, Videogames, Sports]",NOT_DISPLAYED,NOT_DISPLAYED,8,85,NOT_DISPLAYED,90,105,NOT_DISPLAYED,NOT_DISPLAYED,360,515,100,NOT_DISPLAYED,NOT_DISPLAYED,70,NOT_DISPLAYED,65,50,0
ids-3,2023-11-14 08:57:20,"[Sleep, Meals/Eating, Social Media, School, Homework, Grooming, Communicating, Socializing]",NOT_DISPLAYED,30,6,NOT_DISPLAYED,20,30,20,NOT_DISPLAYED,NOT_DISPLAYED,55,410,60,40,NOT_DISPLAYED,NOT_DISPLAYED,NOT_DISPLAYED,NOT_DISPLAYED,NOT_DISPLAYED,NOT_DISPLAYED
ids-12,2023-11-14 08:55:55,"[Sleep, Meals/Eating, Social Media, School, Grooming, Chores, Television, Videogames, Socializing]",120,NOT_DISPLAYED,4,NOT_DISPLAYED,45,NOT_DISPLAYED,30,NOT_DISPLAYED,NOT_DISPLAYED,360,420,190,20,NOT_DISPLAYED,NOT_DISPLAYED,120,NOT_DISPLAYED,6,NOT_DISPLAYED
ids-3,2023-11-14 08:55:08,"[Sleep, Meals/Eating, Social Media, Grooming, Communicating, Socializing]",NOT_DISPLAYED,45,5,NOT_DISPLAYED,23,NOT_DISPLAYED,18,NOT_DISPLAYED,NOT_DISPLAYED,NOT_DISPLAYED,429,20,70,NOT_DISPLAYED,NOT_DISPLAYED,NOT_DISPLAYED,NOT_DISPLAYED,NOT_DISPLAYED,NOT_DISPLAYED
ids-14,2023-11-14 08:54:39,"[Sleep, Meals/Eating, School, Homework, Grooming, Travel/Commuting, Chores, Television, Videogames, Communicating, Socializing, Spiritual, Extracurricular, Social Media]",35,65,4,37,40,45,53,NOT_DISPLAYED,NOT_DISPLAYED,360,420,90,50,45,NOT_DISPLAYED,60,20,120,NOT_DISPLAYED
ids-18,2023-11-14 08:54:11,"[Sleep, Extracurricular, Meals/Eating, Social Media, Homework, Grooming, Travel/Commuting, Chores, Television, Videogames, Communicating, Socializing]",90,90,6,110,60,0,0,NOT_DISPLAYED,NOT_DISPLAYED,NOT_DISPLAYED,0,105,70,NOT_DISPLAYED,NOT_DISPLAYED,130,30,140,NOT_DISPLAYED
ids-3,2023-11-14 08:52:10,"[Sleep, Meals/Eating, Social Media, Homework, Grooming, Chores, Communicating, Socializing]",55,20,4,NOT_DISPLAYED,28,45,10,NOT_DISPLAYED,NOT_DISPLAYED,NOT_DISPLAYED,420,40,20,NOT_DISPLAYED,NOT_DISPLAYED,NOT_DISPLAYED,NOT_DISPLAYED,NOT_DISPLAYED,NOT_DISPLAYED
ids-18,2023-11-14 08:52:07,"[Sleep, Meals/Eating, School, Homework, Grooming, Travel/Commuting, Chores, Television, Videogames, Communicating, Socializing, Extracurricular, Social Media]",20,140,5,55,45,35,0,NOT_DISPLAYED,NOT_DISPLAYED,0,0,60,160,NOT_DISPLAYED,NOT_DISPLAYED,20,140,0,NOT_DISPLAYED
ids-20,2023-11-14 08:51:09,"[Sleep, Meals/Eating, Social Media, Grooming, Chores, Television, Socializing]",50,NOT_DISPLAYED,7,NOT_DISPLAYED,140,NOT_DISPLAYED,100,NOT_DISPLAYED,NOT_DISPLAYED,NOT_DISPLAYED,660,150,220,NOT_DISPLAYED,NOT_DISPLAYED,120,NOT_DISPLAYED,NOT_DISPLAYED,NOT_DISPLAYED
ids-3,2023-11-14 08:49:44,"[Sleep, Meals/Eating, Social Media, School, Homework, Grooming, Television, Communicating, Socializing]",NOT_DISPLAYED,0,3,NOT_DISPLAYED,28,35,25,NOT_DISPLAYED,NOT_DISPLAYED,55,429,40,30,NOT_DISPLAYED,NOT_DISPLAYED,45,NOT_DISPLAYED,NOT_DISPLAYED,NOT_DISPLAYED
ids-14,2023-11-14 08:48:54,"[Sleep, Meals/Eating, School, Homework, Grooming, Travel/Commuting, Chores, Videogames, Reading, Communicating, Socializing, Spiritual, Extracurricular, Social Media]",30,60,3,40,40,60,52,NOT_DISPLAYED,23,360,420,105,75,20,NOT_DISPLAYED,NOT_DISPLAYED,35,120,NOT_DISPLAYED
ids-3,2023-11-14 08:45:56,"[Sleep, Meals/Eating, Social Media, School, Homework, Grooming, Television, Communicating]",NOT_DISPLAYED,50,2,NOT_DISPLAYED,23,40,25,NOT_DISPLAYED,NOT_DISPLAYED,55,429,0,NOT_DISPLAYED,NOT_DISPLAYED,NOT_DISPLAYED,30,NOT_DISPLAYED,NOT_DISPLAYED,NOT_DISPLAYED
ids-20,2023-11-14 08:44:00,"[Sleep, Extracurricular, Meals/Eating, Social Media, Grooming, Television, Videogames, Socializing]",NOT_DISPLAYED,NOT_DISPLAYED,6,50,120,NOT_DISPLAYED,120,NOT_DISPLAYED,NOT_DISPLAYED,NOT_DISPLAYED,660,180,100,NOT_DISPLAYED,NOT_DISPLAYED,150,NOT_DISPLAYED,60,NOT_DISPLAYED
ids-14,2023-11-14 08:41:53,"[Sleep, Meals/Eating, School, Homework, Grooming, Travel/Commuting, Chores, Television, Videogames, Sports, Communicating, Socializing, Spiritual, Social Media]",15,58,2,NOT_DISPLAYED,50,60,0,NOT_DISPLAYED,NOT_DISPLAYED,0,0,90,60,20,40,60,26,120,NOT_DISPLAYED
ids-3,2023-11-14 08:41:13,"[Sleep, Meals/Eating, Social Media, School, Homework, Communicating, Socializing]",NOT_DISPLAYED,10,1,NOT_DISPLAYED,NOT_DISPLAYED,40,10,NOT_DISPLAYED,NOT_DISPLAYED,55,429,20,20,NOT_DISPLAYED,NOT_DISPLAYED,NOT_DISPLAYED,NOT_DISPLAYED,NOT_DISPLAYED,NOT_DISPLAYED
ids-20,2023-11-14 08:36:48,"[Sleep, Meals/Eating, Social Media, School, Grooming, Chores, Television, Socializing]",10,NOT_DISPLAYED,5,NOT_DISPLAYED,90,NOT_DISPLAYED,60,NOT_DISPLAYED,NOT_DISPLAYED,360,660,110,90,NOT_DISPLAYED,NOT_DISPLAYED,60,NOT_DISPLAYED,NOT_DISPLAYED,NOT_DISPLAYED
ids-21,2023-11-14 08:34:55,"[Sleep, Meals/Eating, Social Media, School, Work, Grooming]",NOT_DISPLAYED,NOT_DISPLAYED,8,NOT_DISPLAYED,65,NOT_DISPLAYED,90,NOT_DISPLAYED,NOT_DISPLAYED,380,550,115,NOT_DISPLAYED,NOT_DISPLAYED,NOT_DISPLAYED,NOT_DISPLAYED,NOT_DISPLAYED,NOT_DISPLAYED,240
ids-21,2023-11-14 08:34:04,"[Sleep, Meals/Eating, Social Media, Grooming, Chores, Television, Sports, Socializing]",80,NOT_DISPLAYED,7,NOT_DISPLAYED,60,NOT_DISPLAYED,85,NOT_DISPLAYED,NOT_DISPLAYED,NOT_DISPLAYED,645,110,80,NOT_DISPLAYED,140,240,NOT_DISPLAYED,NOT_DISPLAYED,NOT_DISPLAYED
ids-2,2023-11-09 14:00:00,"[Sleep, Social Media, School, Grooming, Travel/Commuting, Videogames, Communicating, Socializing]",NOT_DISPLAYED,45,8,NOT_DISPLAYED,25,NOT_DISPLAYED,NOT_DISPLAYED,NOT_DISPLAYED,NOT_DISPLAYED,423,460,75,10,NOT_DISPLAYED,NOT_DISPLAYED,NOT_DISPLAYED,25,377,NOT_DISPLAYED
ids-2,2023-11-09 13:57:49,"[Sleep, Meals/Eating, Social Media, Travel/Commuting, Television, Videogames, Communicating]",NOT_DISPLAYED,33,7,NOT_DISPLAYED,NOT_DISPLAYED,NOT_DISPLAYED,22,NOT_DISPLAYED,NOT_DISPLAYED,NOT_DISPLAYED,735,330,NOT_DISPLAYED,NOT_DISPLAYED,NOT_DISPLAYED,60,20,240,NOT_DISPLAYED
ids-2,2023-11-09 13:54:32,"[Sleep, Meals/Eating, Social Media, Work, Grooming, Travel/Commuting, Television, Videogames, Communicating, Socializing]",NOT_DISPLAYED,10,6,NOT_DISPLAYED,35,NOT_DISPLAYED,5,NOT_DISPLAYED,NOT_DISPLAYED,NOT_DISPLAYED,580,95,65,NOT_DISPLAYED,NOT_DISPLAYED,55,45,180,370
ids-2,2023-11-09 13:50:45,"[Sleep, Social Media, School, Grooming, Travel/Commuting, Communicating, Socializing]",NOT_DISPLAYED,5,5,NOT_DISPLAYED,25,NOT_DISPLAYED,NOT_DISPLAYED,NOT_DISPLAYED,NOT_DISPLAYED,423,353,120,484,NOT_DISPLAYED,NOT_DISPLAYED,NOT_DISPLAYED,30,NOT_DISPLAYED,NOT_DISPLAYED
ids-2,2023-11-09 13:48:07,"[Sleep, Meals/Eating, Social Media, School, Grooming, Travel/Commuting, Videogames, Communicating, Socializing]",NOT_DISPLAYED,36,4,NOT_DISPLAYED,37,NOT_DISPLAYED,47,NOT_DISPLAYED,NOT_DISPLAYED,426,370,225,194,NOT_DISPLAYED,NOT_DISPLAYED,NOT_DISPLAYED,35,70,NOT_DISPLAYED
ids-2,2023-11-09 13:45:44,"[Sleep, Social Media, School, Homework, Grooming, Travel/Commuting, Videogames, Communicating, Socializing]",NOT_DISPLAYED,10,3,NOT_DISPLAYED,25,60,NOT_DISPLAYED,NOT_DISPLAYED,NOT_DISPLAYED,426,375,90,120,NOT_DISPLAYED,NOT_DISPLAYED,NOT_DISPLAYED,30,180,NOT_DISPLAYED
ids-2,2023-11-09 13:43:01,"[Sleep, Meals/Eating, Social Media, School, Grooming, Travel/Commuting, Socializing]",NOT_DISPLAYED,NOT_DISPLAYED,2,NOT_DISPLAYED,30,NOT_DISPLAYED,60,NOT_DISPLAYED,NOT_DISPLAYED,420,392,288,189,NOT_DISPLAYED,NOT_DISPLAYED,NOT_DISPLAYED,61,NOT_DISPLAYED,NOT_DISPLAYED
ids-2,2023-11-09 13:40:46,"[Sleep, Meals/Eating, Social Media, School, Grooming, Travel/Commuting, Videogames, Communicating, Socializing]",NOT_DISPLAYED,45,1,NOT_DISPLAYED,15,NOT_DISPLAYED,15,NOT_DISPLAYED,NOT_DISPLAYED,420,410,250,189,NOT_DISPLAYED,NOT_DISPLAYED,NOT_DISPLAYED,36,60,NOT_DISPLAYED
ids-23,2023-11-08 11:20:02,"[Sleep, Meals/Eating, Social Media, Homework, Grooming, Travel/Commuting, Chores, Television, Socializing]",120,NOT_DISPLAYED,6,NOT_DISPLAYED,30,60,60,NOT_DISPLAYED,NOT_DISPLAYED,NOT_DISPLAYED,480,30,150,NOT_DISPLAYED,NOT_DISPLAYED,30,480,NOT_DISPLAYED,NOT_DISPLAYED
ids-23,2023-11-08 11:15:01,"[Sleep, Meals/Eating, Social Media, School, Work, Grooming, Travel/Commuting, Chores, Socializing]",60,NOT_DISPLAYED,5,NOT_DISPLAYED,80,NOT_DISPLAYED,60,NOT_DISPLAYED,NOT_DISPLAYED,360,540,15,50,NOT_DISPLAYED,NOT_DISPLAYED,NOT_DISPLAYED,35,NOT_DISPLAYED,240
ids-23,2023-11-08 11:05:38,"[Sleep, Extracurricular, Meals/Eating, Work, Grooming, Travel/Commuting, Chores]",30,NOT_DISPLAYED,4,30,30,NOT_DISPLAYED,60,NOT_DISPLAYED,NOT_DISPLAYED,NOT_DISPLAYED,900,NOT_DISPLAYED,NOT_DISPLAYED,NOT_DISPLAYED,NOT_DISPLAYED,NOT_DISPLAYED,30,NOT_DISPLAYED,360
ids-23,2023-11-08 11:03:02,"[Sleep, Extracurricular, Meals/Eating, School, Work, Grooming, Travel/Commuting, Chores, Socializing]",15,NOT_DISPLAYED,3,60,30,NOT_DISPLAYED,60,NOT_DISPLAYED,NOT_DISPLAYED,360,615,NOT_DISPLAYED,70,NOT_DISPLAYED,NOT_DISPLAYED,NOT_DISPLAYED,50,NOT_DISPLAYED,180
ids-23,2023-11-08 10:59:43,"[Sleep, Extracurricular, Meals/Eating, Social Media, School, Work, Grooming, Travel/Commuting, Socializing]",NOT_DISPLAYED,NOT_DISPLAYED,2,180,110,NOT_DISPLAYED,30,NOT_DISPLAYED,NOT_DISPLAYED,360,480,15,40,NOT_DISPLAYED,NOT_DISPLAYED,NOT_DISPLAYED,45,NOT_DISPLAYED,180
ids-1,2023-11-07 11:39:18,"[Sleep, Meals/Eating, School, Homework, Grooming, Travel/Commuting, Chores, Television, Videogames, Sports, Reading, Socializing, Social Media]",45,NOT_DISPLAYED,4,NOT_DISPLAYED,30,25,30,NOT_DISPLAYED,0,0,420,260,50,NOT_DISPLAYED,60,50,40,80,NOT_DISPLAYED
ids-1,2023-11-07 11:33:51,"[Sleep, Meals/Eating, School, Grooming, Travel/Commuting, Chores, Television, Videogames, Sports, Socializing]",40,NOT_DISPLAYED,3,NOT_DISPLAYED,30,NOT_DISPLAYED,18,NOT_DISPLAYED,NOT_DISPLAYED,400,420,NOT_DISPLAYED,60,NOT_DISPLAYED,210,92,20,140,NOT_DISPLAYED
ids-1,2023-11-07 11:26:56,"[Sleep, Meals/Eating, Social Media, School, Grooming, Travel/Commuting, Videogames, Sports]",NOT_DISPLAYED,NOT_DISPLAYED,2,NOT_DISPLAYED,19,NOT_DISPLAYED,30,NOT_DISPLAYED,NOT_DISPLAYED,411,44,90,NOT_DISPLAYED,NOT_DISPLAYED,150,NOT_DISPLAYED,60,30,NOT_DISPLAYED
ids-1,2023-11-07 11:22:34,"[Sleep, Meals/Eating, School, Travel/Commuting, Videogames, Sports]",NOT_DISPLAYED,NOT_DISPLAYED,1,NOT_DISPLAYED,NOT_DISPLAYED,NOT_DISPLAYED,50,NOT_DISPLAYED,NOT_DISPLAYED,420,520,NOT_DISPLAYED,NOT_DISPLAYED,NOT_DISPLAYED,180,NOT_DISPLAYED,20,100,NOT_DISPLAYED
ids-35,2023-11-07 08:48:59,"[Sleep, Extracurricular, Meals/Eating, Social Media, School, Grooming, Travel/Commuting, Videogames, Reading, Communicating]",NOT_DISPLAYED,135,2,60,15,NOT_DISPLAYED,44,NOT_DISPLAYED,30,480,510,31,NOT_DISPLAYED,NOT_DISPLAYED,NOT_DISPLAYED,NOT_DISPLAYED,75,60,NOT_DISPLAYED
ids-20,2023-11-07 08:47:56,"[Sleep, Meals/Eating, Social Media, School, Grooming, Chores, Television, Socializing]",30,NOT_DISPLAYED,4,NOT_DISPLAYED,90,NOT_DISPLAYED,60,NOT_DISPLAYED,NOT_DISPLAYED,360,540,270,40,NOT_DISPLAYED,NOT_DISPLAYED,49,NOT_DISPLAYED,NOT_DISPLAYED,NOT_DISPLAYED
ids-19,2023-11-07 08:38:33,"[Sleep, Meals/Eating, School, Television, Videogames, Sports]",NOT_DISPLAYED,NOT_DISPLAYED,3,NOT_DISPLAYED,NOT_DISPLAYED,NOT_DISPLAYED,60,NOT_DISPLAYED,NOT_DISPLAYED,480,480,NOT_DISPLAYED,NOT_DISPLAYED,NOT_DISPLAYED,100,90,NOT_DISPLAYED,60,NOT_DISPLAYED
ids-22,2023-11-06 09:22:54,"[Sleep, Meals/Eating, Social Media, School, Homework, Work, Grooming, Travel/Commuting, Communicating]",NOT_DISPLAYED,60,8,NOT_DISPLAYED,10,0,18,NOT_DISPLAYED,NOT_DISPLAYED,420,330,120,NOT_DISPLAYED,NOT_DISPLAYED,NOT_DISPLAYED,NOT_DISPLAYED,120,NOT_DISPLAYED,0
ids-21,2023-11-06 09:22:14,"[Sleep, Meals/Eating, Social Media, Work, Grooming, Chores, Television, Socializing]",55,NOT_DISPLAYED,6,NOT_DISPLAYED,90,NOT_DISPLAYED,0,NOT_DISPLAYED,NOT_DISPLAYED,NOT_DISPLAYED,0,50,170,NOT_DISPLAYED,NOT_DISPLAYED,30,NOT_DISPLAYED,NOT_DISPLAYED,0
ids-32,2023-11-06 09:22:09,"[Sleep, Meals/Eating, Social Media, School, Grooming, Travel/Commuting, Videogames, Socializing]",NOT_DISPLAYED,NOT_DISPLAYED,2,NOT_DISPLAYED,90,NOT_DISPLAYED,100,NOT_DISPLAYED,NOT_DISPLAYED,420,420,80,120,NOT_DISPLAYED,NOT_DISPLAYED,NOT_DISPLAYED,30,180,NOT_DISPLAYED
ids-27,2023-11-06 09:21:54,"[Social Media, School, Work, Reading]",NOT_DISPLAYED,NOT_DISPLAYED,3,NOT_DISPLAYED,NOT_DISPLAYED,NOT_DISPLAYED,NOT_DISPLAYED,NOT_DISPLAYED,30,420,NOT_DISPLAYED,180,NOT_DISPLAYED,NOT_DISPLAYED,NOT_DISPLAYED,NOT_DISPLAYED,NOT_DISPLAYED,NOT_DISPLAYED,480
ids-14,2023-11-06 09:21:34,"[Sleep, Meals/Eating, Social Media, School, Homework, Grooming, Chores, Videogames, Reading, Spiritual, Purchasing]",20,NOT_DISPLAYED,1,NOT_DISPLAYED,45,80,23,15,15,360,360,90,NOT_DISPLAYED,15,NOT_DISPLAYED,NOT_DISPLAYED,NOT_DISPLAYED,180,NOT_DISPLAYED
ids-29,2023-11-06 09:21:23,"[Sleep, Meals/Eating, Social Media, School, Homework, Work, Chores, Videogames, Sports, Communicating, Socializing, Purchasing]",20,15,1,NOT_DISPLAYED,NOT_DISPLAYED,30,60,10,NOT_DISPLAYED,500,480,300,60,NOT_DISPLAYED,120,NOT_DISPLAYED,NOT_DISPLAYED,600,330
ids-22,2023-11-06 09:17:40,"[Sleep, Meals/Eating, Social Media, School, Homework, Work, Grooming, Travel/Commuting, Communicating]",NOT_DISPLAYED,20,7,NOT_DISPLAYED,13,0,15,NOT_DISPLAYED,NOT_DISPLAYED,0,480,180,NOT_DISPLAYED,NOT_DISPLAYED,NOT_DISPLAYED,NOT_DISPLAYED,40,NOT_DISPLAYED,0
ids-35,2023-11-06 09:15:54,"[Sleep, Meals/Eating, Social Media, School, Grooming, Travel/Commuting, Videogames, Reading, Communicating, Socializing]",NOT_DISPLAYED,150,1,NOT_DISPLAYED,15,NOT_DISPLAYED,45,NOT_DISPLAYED,65,480,360,22,0,NOT_DISPLAYED,NOT_DISPLAYED,NOT_DISPLAYED,75,255,NOT_DISPLAYED
ids-22,2023-11-06 09:14:53,"[Sleep, Meals/Eating, Social Media, School, Homework, Work, Grooming, Travel/Commuting, Communicating]",NOT_DISPLAYED,60,6,NOT_DISPLAYED,16,0,18,NOT_DISPLAYED,NOT_DISPLAYED,0,360,180,NOT_DISPLAYED,NOT_DISPLAYED,NOT_DISPLAYED,NOT_DISPLAYED,28,NOT_DISPLAYED,0
ids-21,2023-11-06 09:13:04,"[Sleep, Meals/Eating, Social Media, School, Work, Grooming, Television, Purchasing]",NOT_DISPLAYED,NOT_DISPLAYED,5,NOT_DISPLAYED,35,NOT_DISPLAYED,0,50,NOT_DISPLAYED,0,0,95,NOT_DISPLAYED,NOT_DISPLAYED,NOT_DISPLAYED,70,NOT_DISPLAYED,NOT_DISPLAYED,130
ids-21,2023-11-06 09:09:35,"[Sleep, Meals/Eating, Social Media, School, Homework, Work, Grooming, Purchasing]",NOT_DISPLAYED,NOT_DISPLAYED,4,NOT_DISPLAYED,55,10,0,60,NOT_DISPLAYED,0,0,55,NOT_DISPLAYED,NOT_DISPLAYED,NOT_DISPLAYED,NOT_DISPLAYED,NOT_DISPLAYED,NOT_DISPLAYED,235
ids-21,2023-11-06 09:07:17,"[Sleep, Meals/Eating, Social Media, School, Work, Grooming, Chores, Socializing]",60,NOT_DISPLAYED,3,NOT_DISPLAYED,45,NOT_DISPLAYED,0,NOT_DISPLAYED,NOT_DISPLAYED,0,0,30,155,NOT_DISPLAYED,NOT_DISPLAYED,NOT_DISPLAYED,NOT_DISPLAYED,NOT_DISPLAYED,150
ids-21,2023-11-06 09:06:13,"[Sleep, Meals/Eating, Social Media, School, Work, Grooming, Television, Purchasing]",NOT_DISPLAYED,NOT_DISPLAYED,2,NOT_DISPLAYED,40,NOT_DISPLAYED,0,135,NOT_DISPLAYED,0,0,35,NOT_DISPLAYED,NOT_DISPLAYED,NOT_DISPLAYED,60,NOT_DISPLAYED,NOT_DISPLAYED,120
ids-21,2023-11-06 09:04:41,"[Sleep, Meals/Eating, Social Media, School, Work, Grooming, Television, Purchasing]",NOT_DISPLAYED,NOT_DISPLAYED,1,NOT_DISPLAYED,60,NOT_DISPLAYED,0,50,NOT_DISPLAYED,0,0,95,NOT_DISPLAYED,NOT_DISPLAYED,NOT_DISPLAYED,120,NOT_DISPLAYED,NOT_DISPLAYED,130
ids-16,2023-11-06 09:03:03,"[Sleep, Social Media, Chores, Socializing]",165,NOT_DISPLAYED,5,NOT_DISPLAYED,NOT_DISPLAYED,NOT_DISPLAYED,NOT_DISPLAYED,NOT_DISPLAYED,NOT_DISPLAYED,NOT_DISPLAYED,480,120,540,NOT_DISPLAYED,NOT_DISPLAYED,NOT_DISPLAYED,NOT_DISPLAYED,NOT_DISPLAYED,NOT_DISPLAYED
ids-20,2023-11-06 09:01:54,"[Sleep, Meals/Eating, Social Media, School, Grooming, Socializing]",NOT_DISPLAYED,NOT_DISPLAYED,3,NOT_DISPLAYED,100,NOT_DISPLAYED,70,NOT_DISPLAYED,NOT_DISPLAYED,360,660,200,50,NOT_DISPLAYED,NOT_DISPLAYED,NOT_DISPLAYED,NOT_DISPLAYED,NOT_DISPLAYED,NOT_DISPLAYED
ids-16,2023-11-06 08:59:19,"[Meals/Eating, Social Media, Television, Reading, Socializing]",NOT_DISPLAYED,NOT_DISPLAYED,4,NOT_DISPLAYED,NOT_DISPLAYED,NOT_DISPLAYED,105,NOT_DISPLAYED,120,NOT_DISPLAYED,NOT_DISPLAYED,180,720,NOT_DISPLAYED,NOT_DISPLAYED,165,NOT_DISPLAYED,NOT_DISPLAYED,NOT_DISPLAYED
ids-16,2023-11-06 08:54:53,"[Sleep, Meals/Eating, Social Media, Chores, Socializing]",120,NOT_DISPLAYED,3,NOT_DISPLAYED,NOT_DISPLAYED,NOT_DISPLAYED,60,NOT_DISPLAYED,NOT_DISPLAYED,NOT_DISPLAYED,110,180,840,NOT_DISPLAYED,NOT_DISPLAYED,NOT_DISPLAYED,NOT_DISPLAYED,NOT_DISPLAYED,NOT_DISPLAYED
ids-20,2023-11-06 08:53:51,"[Sleep, Meals/Eating, Social Media, School, Homework, Grooming, Television, Socializing]",NOT_DISPLAYED,NOT_DISPLAYED,2,NOT_DISPLAYED,90,30,60,NOT_DISPLAYED,NOT_DISPLAYED,360,540,225,80,NOT_DISPLAYED,NOT_DISPLAYED,20,NOT_DISPLAYED,NOT_DISPLAYED,NOT_DISPLAYED
ids-16,2023-11-06 08:48:08,"[Sleep, Social Media, School, Travel/Commuting, Videogames, Reading]",NOT_DISPLAYED,NOT_DISPLAYED,2,NOT_DISPLAYED,NOT_DISPLAYED,NOT_DISPLAYED,NOT_DISPLAYED,NOT_DISPLAYED,180,55,45,110,NOT_DISPLAYED,NOT_DISPLAYED,NOT_DISPLAYED,NOT_DISPLAYED,10,120,NOT_DISPLAYED
ids-12,2023-11-06 08:45:24,"[Sleep, Meals/Eating, Social Media, School, Chores, Television, Communicating]",120,60,2,NOT_DISPLAYED,NOT_DISPLAYED,NOT_DISPLAYED,60,NOT_DISPLAYED,NOT_DISPLAYED,420,360,300,NOT_DISPLAYED,NOT_DISPLAYED,NOT_DISPLAYED,240,NOT_DISPLAYED,NOT_DISPLAYED,NOT_DISPLAYED
ids-18,2023-11-06 08:42:13,"[Sleep, Extracurricular, Meals/Eating, Social Media, Grooming, Chores, Television, Videogames, Sports, Communicating, Socializing]",30,180,3,40,40,NOT_DISPLAYED,20,NOT_DISPLAYED,NOT_DISPLAYED,NOT_DISPLAYED,420,120,180,NOT_DISPLAYED,0,30,NOT_DISPLAYED,140,NOT_DISPLAYED
ids-20,2023-11-06 08:41:03,"[Sleep, Meals/Eating, Social Media, Homework, Grooming, Television, Socializing]",NOT_DISPLAYED,NOT_DISPLAYED,1,NOT_DISPLAYED,90,35,60,NOT_DISPLAYED,NOT_DISPLAYED,NOT_DISPLAYED,660,360,80,NOT_DISPLAYED,NOT_DISPLAYED,105,NOT_DISPLAYED,NOT_DISPLAYED,NOT_DISPLAYED
ids-22,2023-11-03 15:30:08,"[Sleep, Meals/Eating, Social Media, School, Homework, Work, Grooming, Travel/Commuting]",NOT_DISPLAYED,NOT_DISPLAYED,4,NOT_DISPLAYED,0,0,20,NOT_DISPLAYED,NOT_DISPLAYED,420,330,240,NOT_DISPLAYED,NOT_DISPLAYED,NOT_DISPLAYED,NOT_DISPLAYED,120,NOT_DISPLAYED,0
ids-22,2023-11-03 15:27:41,"[Sleep, Meals/Eating, Social Media, School, Homework, Work, Grooming, Travel/Commuting]",NOT_DISPLAYED,NOT_DISPLAYED,3,NOT_DISPLAYED,0,0,15,NOT_DISPLAYED,NOT_DISPLAYED,420,330,180,NOT_DISPLAYED,NOT_DISPLAYED,NOT_DISPLAYED,NOT_DISPLAYED,120,NOT_DISPLAYED,0
ids-18,2023-11-03 08:47:55,"[Sleep, Meals/Eating, Social Media, School, Homework, Grooming, Chores, Communicating, Socializing]",20,50,2,NOT_DISPLAYED,30,30,40,NOT_DISPLAYED,NOT_DISPLAYED,275,420,120,120,NOT_DISPLAYED,NOT_DISPLAYED,NOT_DISPLAYED,NOT_DISPLAYED,NOT_DISPLAYED,NOT_DISPLAYED
ids-23,2023-11-02 13:57:23,"[Sleep, Meals/Eating, School, Homework, Work, Grooming, Travel/Commuting, Chores, Television, Socializing]",60,NOT_DISPLAYED,1,NOT_DISPLAYED,80,30,60,NOT_DISPLAYED,NOT_DISPLAYED,300,540,NOT_DISPLAYED,65,NOT_DISPLAYED,NOT_DISPLAYED,60,65,NOT_DISPLAYED,180
ids-22,2023-11-02 11:19:48,"[Sleep, Meals/Eating, School, Homework, Work, Grooming, Travel/Commuting]",NOT_DISPLAYED,NOT_DISPLAYED,1,NOT_DISPLAYED,0,120,15,NOT_DISPLAYED,NOT_DISPLAYED,420,330,NOT_DISPLAYED,NOT_DISPLAYED,NOT_DISPLAYED,NOT_DISPLAYED,NOT_DISPLAYED,180,NOT_DISPLAYED,0
ids-8,2023-11-02 09:29:26,"[Sleep, Extracurricular, Meals/Eating, Social Media, Work, Grooming, Travel/Commuting, Reading, Communicating, Socializing, Purchasing]",NOT_DISPLAYED,110,1,20,40,NOT_DISPLAYED,85,60,180,NOT_DISPLAYED,390,85,20,NOT_DISPLAYED,NOT_DISPLAYED,NOT_DISPLAYED,30,NOT_DISPLAYED,420
ids-19,2023-11-02 09:23:04,"[Sleep, Meals/Eating, School]",NOT_DISPLAYED,NOT_DISPLAYED,1,NOT_DISPLAYED,NOT_DISPLAYED,NOT_DISPLAYED,100,NOT_DISPLAYED,NOT_DISPLAYED,258,200,NOT_DISPLAYED,NOT_DISPLAYED,NOT_DISPLAYED,NOT_DISPLAYED,NOT_DISPLAYED,NOT_DISPLAYED,NOT_DISPLAYED,NOT_DISPLAYED
ids-5,2023-08-24 08:41:05,"[Sleep, School, Homework, Sports]",NOT_DISPLAYED,NOT_DISPLAYED,3,NOT_DISPLAYED,NOT_DISPLAYED,120,NOT_DISPLAYED,NOT_DISPLAYED,NOT_DISPLAYED,500,720,NOT_DISPLAYED,NOT_DISPLAYED,NOT_DISPLAYED,120,NOT_DISPLAYED,NOT_DISPLAYED,NOT_DISPLAYED,NOT_DISPLAYED
ids-5,2023-08-17 08:47:03,"[Sleep, Social Media, School]",NOT_DISPLAYED,NOT_DISPLAYED,5,NOT_DISPLAYED,NOT_DISPLAYED,NOT_DISPLAYED,NOT_DISPLAYED,NOT_DISPLAYED,NOT_DISPLAYED,0,360,120,NOT_DISPLAYED,NOT_DISPLAYED,NOT_DISPLAYED,NOT_DISPLAYED,NOT_DISPLAYED,NOT_DISPLAYED,NOT_DISPLAYED
